<?xml version="1.0" encoding="UTF-8"?>
<osm version="0.6" generator="openstreetmap-cgimap 2.1.0 (1306 spike-06.openstreetmap.org)" copyright="OpenStreetMap and contributors" attribution="http://www.openstreetmap.org/copyright" license="http://opendatacommons.org/licenses/odbl/1-0/">
 <node id="293722541" visible="true" version="8" changeset="76889241" timestamp="2019-11-11T06:52:01Z" user="krschap" uid="7004124" lat="28.4275813" lon="83.8207677"/>
 <node id="293722544" visible="true" version="10" changeset="145939494" timestamp="2024-01-05T22:36:04Z" user="jean-ray2" uid="11285694" lat="28.4187598" lon="83.8180004"/>
 <node id="293722545" visible="true" version="6" changeset="298871" timestamp="2009-02-09T19:31:34Z" user="hongakonga" uid="38907" lat="28.4158723" lon="83.8189829"/>
 <node id="293722546" visible="true" version="20" changeset="145962367" timestamp="2024-01-06T15:57:05Z" user="jean-ray2" uid="11285694" lat="28.4141119" lon="83.8186719"/>
 <node id="293722547" visible="true" version="10" changeset="76891161" timestamp="2019-11-11T07:31:40Z" user="Subash Tiwari" uid="6075635" lat="28.4120303" lon="83.8197490"/>
 <node id="293722548" visible="true" version="9" changeset="76891161" timestamp="2019-11-11T07:31:40Z" user="Subash Tiwari" uid="6075635" lat="28.4115204" lon="83.8217644"/>
 <node id="293722549" visible="true" version="10" changeset="77106942" timestamp="2019-11-15T06:43:26Z" user="Subash Tiwari" uid="6075635" lat="28.4099497" lon="83.8242065"/>
 <node id="293722550" visible="true" version="10" changeset="145972145" timestamp="2024-01-06T21:27:48Z" user="jean-ray2" uid="11285694" lat="28.4093283" lon="83.8240286"/>
 <node id="293725469" visible="true" version="11" changeset="76888939" timestamp="2019-11-11T06:44:49Z" user="Subash Tiwari" uid="6075635" lat="28.5309423" lon="83.8830467"/>
 <node id="293725471" visible="true" version="10" changeset="8900205" timestamp="2011-08-02T12:43:29Z" user="Tungmar" uid="427807" lat="28.5304544" lon="83.8861625"/>
 <node id="293725475" visible="true" version="10" changeset="158279677" timestamp="2024-10-24T04:50:35Z" user="smont28" uid="4415167" lat="28.5296016" lon="83.8900490"/>
 <node id="293725479" visible="true" version="12" changeset="158279963" timestamp="2024-10-24T05:07:03Z" user="smont28" uid="4415167" lat="28.5292085" lon="83.8956652"/>
 <node id="293725484" visible="true" version="14" changeset="158279963" timestamp="2024-10-24T05:07:03Z" user="smont28" uid="4415167" lat="28.5285353" lon="83.8981246"/>
 <node id="293725488" visible="true" version="12" changeset="145949660" timestamp="2024-01-06T09:40:10Z" user="jean-ray2" uid="11285694" lat="28.5279078" lon="83.9000007"/>
 <node id="293725492" visible="true" version="13" changeset="76888939" timestamp="2019-11-11T06:44:49Z" user="Subash Tiwari" uid="6075635" lat="28.5273253" lon="83.9045892"/>
 <node id="293725496" visible="true" version="11" changeset="76889595" timestamp="2019-11-11T06:59:57Z" user="Subash Tiwari" uid="6075635" lat="28.5258113" lon="83.9071407"/>
 <node id="293725500" visible="true" version="12" changeset="76889595" timestamp="2019-11-11T06:59:57Z" user="Subash Tiwari" uid="6075635" lat="28.5242250" lon="83.9079773"/>
 <node id="293725503" visible="true" version="13" changeset="145949660" timestamp="2024-01-06T09:40:10Z" user="jean-ray2" uid="11285694" lat="28.5231847" lon="83.9083462"/>
 <node id="293725507" visible="true" version="11" changeset="158279677" timestamp="2024-10-24T04:50:35Z" user="smont28" uid="4415167" lat="28.5208980" lon="83.9080733"/>
 <node id="293725511" visible="true" version="14" changeset="158279963" timestamp="2024-10-24T05:07:03Z" user="smont28" uid="4415167" lat="28.5116116" lon="83.9054501"/>
 <node id="293725512" visible="true" version="11" changeset="158279677" timestamp="2024-10-24T04:50:35Z" user="smont28" uid="4415167" lat="28.4973935" lon="83.8985234"/>
 <node id="293725514" visible="true" version="11" changeset="62003583" timestamp="2018-08-26T10:41:16Z" user="Yeti-17" uid="6969191" lat="28.4949984" lon="83.8951460"/>
 <node id="293725515" visible="true" version="12" changeset="43836974" timestamp="2016-11-21T03:49:09Z" user="kevin Prince" uid="4803512" lat="28.4847018" lon="83.8887911"/>
 <node id="293725516" visible="true" version="9" changeset="298871" timestamp="2009-02-09T19:41:49Z" user="hongakonga" uid="38907" lat="28.4733945" lon="83.8748344"/>
 <node id="293725518" visible="true" version="12" changeset="145951450" timestamp="2024-01-06T10:39:44Z" user="jean-ray2" uid="11285694" lat="28.4700018" lon="83.8701105"/>
 <node id="293836640" visible="true" version="11" changeset="61861384" timestamp="2018-08-21T16:10:44Z" user="Yeti-17" uid="6969191" lat="28.4282322" lon="83.8217512"/>
 <node id="293836642" visible="true" version="9" changeset="145939494" timestamp="2024-01-05T22:36:04Z" user="jean-ray2" uid="11285694" lat="28.4278572" lon="83.8211015"/>
 <node id="343731742" visible="true" version="9" changeset="62004171" timestamp="2018-08-26T11:12:52Z" user="Yeti-17" uid="6969191" lat="28.4137999" lon="83.8187386"/>
 <node id="343731743" visible="true" version="8" changeset="76891161" timestamp="2019-11-11T07:31:40Z" user="Subash Tiwari" uid="6075635" lat="28.4135542" lon="83.8182720"/>
 <node id="343731744" visible="true" version="8" changeset="62011264" timestamp="2018-08-26T16:55:28Z" user="Yeti-17" uid="6969191" lat="28.4128008" lon="83.8191278"/>
 <node id="343731745" visible="true" version="8" changeset="76891161" timestamp="2019-11-11T07:31:40Z" user="Subash Tiwari" uid="6075635" lat="28.4123504" lon="83.8193094"/>
 <node id="343731746" visible="true" version="9" changeset="76891161" timestamp="2019-11-11T07:31:40Z" user="Subash Tiwari" uid="6075635" lat="28.4120832" lon="83.8197520"/>
 <node id="343731747" visible="true" version="8" changeset="76891161" timestamp="2019-11-11T07:31:40Z" user="Subash Tiwari" uid="6075635" lat="28.4119576" lon="83.8198197"/>
 <node id="343731748" visible="true" version="8" changeset="76891161" timestamp="2019-11-11T07:31:40Z" user="Subash Tiwari" uid="6075635" lat="28.4119329" lon="83.8199649"/>
 <node id="343731749" visible="true" version="7" changeset="76891161" timestamp="2019-11-11T07:31:40Z" user="Subash Tiwari" uid="6075635" lat="28.4120142" lon="83.8199948"/>
 <node id="343731750" visible="true" version="8" changeset="76891161" timestamp="2019-11-11T07:31:40Z" user="Subash Tiwari" uid="6075635" lat="28.4120205" lon="83.8203271"/>
 <node id="343731751" visible="true" version="8" changeset="76891161" timestamp="2019-11-11T07:31:40Z" user="Subash Tiwari" uid="6075635" lat="28.4119679" lon="83.8206247"/>
 <node id="343731752" visible="true" version="8" changeset="76891161" timestamp="2019-11-11T07:31:40Z" user="Subash Tiwari" uid="6075635" lat="28.4118191" lon="83.8211300"/>
 <node id="343731771" visible="true" version="6" changeset="15969772" timestamp="2013-05-04T10:58:52Z" user="Zhent" uid="181013" lat="28.4152862" lon="83.8190719"/>
 <node id="343731772" visible="true" version="6" changeset="15969772" timestamp="2013-05-04T10:58:52Z" user="Zhent" uid="181013" lat="28.4146451" lon="83.8190055"/>
 <node id="343731935" visible="true" version="6" changeset="76889241" timestamp="2019-11-11T06:52:01Z" user="krschap" uid="7004124" lat="28.4275373" lon="83.8210773"/>
 <node id="343731936" visible="true" version="6" changeset="145939494" timestamp="2024-01-05T22:36:04Z" user="jean-ray2" uid="11285694" lat="28.4269156" lon="83.8199151"/>
 <node id="343731937" visible="true" version="6" changeset="145939494" timestamp="2024-01-05T22:36:04Z" user="jean-ray2" uid="11285694" lat="28.4259976" lon="83.8190494"/>
 <node id="343731938" visible="true" version="4" changeset="43835315" timestamp="2016-11-21T00:56:38Z" user="Stella Lee" uid="4803484" lat="28.4247170" lon="83.8186094"/>
 <node id="343731939" visible="true" version="4" changeset="43835315" timestamp="2016-11-21T00:56:38Z" user="Stella Lee" uid="4803484" lat="28.4244187" lon="83.8181385"/>
 <node id="343731940" visible="true" version="5" changeset="145939494" timestamp="2024-01-05T22:36:04Z" user="jean-ray2" uid="11285694" lat="28.4239750" lon="83.8181056"/>
 <node id="343731941" visible="true" version="5" changeset="29781017" timestamp="2015-03-27T16:03:04Z" user="chrischan" uid="22060" lat="28.4232161" lon="83.8177260"/>
 <node id="343731942" visible="true" version="5" changeset="11315067" timestamp="2012-04-15T19:50:04Z" user="Praetorius" uid="31130" lat="28.4227942" lon="83.8176896"/>
 <node id="343731943" visible="true" version="5" changeset="158235334" timestamp="2024-10-23T03:18:30Z" user="smont28" uid="4415167" lat="28.4217859" lon="83.8170309"/>
 <node id="343731944" visible="true" version="8" changeset="145939494" timestamp="2024-01-05T22:36:04Z" user="jean-ray2" uid="11285694" lat="28.4208101" lon="83.8174878"/>
 <node id="343731945" visible="true" version="6" changeset="145962367" timestamp="2024-01-06T15:57:05Z" user="jean-ray2" uid="11285694" lat="28.4174381" lon="83.8186951"/>
 <node id="343731946" visible="true" version="6" changeset="145962367" timestamp="2024-01-06T15:57:05Z" user="jean-ray2" uid="11285694" lat="28.4171933" lon="83.8186376"/>
 <node id="343731947" visible="true" version="6" changeset="145962367" timestamp="2024-01-06T15:57:05Z" user="jean-ray2" uid="11285694" lat="28.4167345" lon="83.8182917"/>
 <node id="343731948" visible="true" version="4" changeset="15969772" timestamp="2013-05-04T10:58:53Z" user="Zhent" uid="181013" lat="28.4165375" lon="83.8183210"/>
 <node id="343731949" visible="true" version="4" changeset="15969772" timestamp="2013-05-04T10:58:53Z" user="Zhent" uid="181013" lat="28.4161814" lon="83.8185442"/>
 <node id="343731950" visible="true" version="5" changeset="15969772" timestamp="2013-05-04T10:58:53Z" user="Zhent" uid="181013" lat="28.4154985" lon="83.8192535"/>
 <node id="343731958" visible="true" version="5" changeset="61861384" timestamp="2018-08-21T16:10:44Z" user="Yeti-17" uid="6969191" lat="28.4276874" lon="83.8211277"/>
 <node id="343733817" visible="true" version="9" changeset="11315067" timestamp="2012-04-15T19:50:04Z" user="Praetorius" uid="31130" lat="28.4639193" lon="83.8617181"/>
 <node id="343733819" visible="true" version="9" changeset="76904982" timestamp="2019-11-11T11:42:28Z" user="krschap" uid="7004124" lat="28.4635474" lon="83.8609142"/>
 <node id="343733820" visible="true" version="9" changeset="62004171" timestamp="2018-08-26T11:12:52Z" user="Yeti-17" uid="6969191" lat="28.4614783" lon="83.8607453"/>
 <node id="343733821" visible="true" version="9" changeset="62004171" timestamp="2018-08-26T11:12:52Z" user="Yeti-17" uid="6969191" lat="28.4597131" lon="83.8588650"/>
 <node id="343733823" visible="true" version="9" changeset="62004171" timestamp="2018-08-26T11:12:52Z" user="Yeti-17" uid="6969191" lat="28.4596300" lon="83.8585536"/>
 <node id="343733824" visible="true" version="11" changeset="145949660" timestamp="2024-01-06T09:40:10Z" user="jean-ray2" uid="11285694" lat="28.4577927" lon="83.8570254"/>
 <node id="343734392" visible="true" version="9" changeset="158279279" timestamp="2024-10-24T04:26:47Z" user="smont28" uid="4415167" lat="28.4770623" lon="83.8802657"/>
 <node id="343734393" visible="true" version="12" changeset="158279344" timestamp="2024-10-24T04:30:20Z" user="smont28" uid="4415167" lat="28.4763321" lon="83.8789574"/>
 <node id="343734396" visible="true" version="10" changeset="158279279" timestamp="2024-10-24T04:26:47Z" user="smont28" uid="4415167" lat="28.4757593" lon="83.8786545"/>
 <node id="343734397" visible="true" version="9" changeset="158279279" timestamp="2024-10-24T04:26:47Z" user="smont28" uid="4415167" lat="28.4754793" lon="83.8783937"/>
 <node id="343734399" visible="true" version="10" changeset="158279279" timestamp="2024-10-24T04:26:47Z" user="smont28" uid="4415167" lat="28.4753157" lon="83.8781274"/>
 <node id="343734403" visible="true" version="10" changeset="158279279" timestamp="2024-10-24T04:26:47Z" user="smont28" uid="4415167" lat="28.4750402" lon="83.8775223"/>
 <node id="343734404" visible="true" version="9" changeset="158279279" timestamp="2024-10-24T04:26:47Z" user="smont28" uid="4415167" lat="28.4745999" lon="83.8771638"/>
 <node id="343734407" visible="true" version="7" changeset="298871" timestamp="2009-02-09T19:41:48Z" user="hongakonga" uid="38907" lat="28.4741958" lon="83.8766245"/>
 <node id="343734408" visible="true" version="7" changeset="298871" timestamp="2009-02-09T19:41:48Z" user="hongakonga" uid="38907" lat="28.4737808" lon="83.8757833"/>
 <node id="343734412" visible="true" version="8" changeset="62004171" timestamp="2018-08-26T11:12:52Z" user="Yeti-17" uid="6969191" lat="28.4733432" lon="83.8739422"/>
 <node id="343734413" visible="true" version="8" changeset="62004171" timestamp="2018-08-26T11:12:52Z" user="Yeti-17" uid="6969191" lat="28.4725934" lon="83.8730303"/>
 <node id="343734415" visible="true" version="8" changeset="11315067" timestamp="2012-04-15T19:50:05Z" user="Praetorius" uid="31130" lat="28.4713209" lon="83.8720125"/>
 <node id="343734417" visible="true" version="8" changeset="62004171" timestamp="2018-08-26T11:12:52Z" user="Yeti-17" uid="6969191" lat="28.4694556" lon="83.8687372"/>
 <node id="343734418" visible="true" version="9" changeset="62004171" timestamp="2018-08-26T11:12:52Z" user="Yeti-17" uid="6969191" lat="28.4688219" lon="83.8678394"/>
 <node id="343734419" visible="true" version="8" changeset="11315067" timestamp="2012-04-15T19:50:05Z" user="Praetorius" uid="31130" lat="28.4682984" lon="83.8674006"/>
 <node id="343734420" visible="true" version="9" changeset="62004171" timestamp="2018-08-26T11:12:52Z" user="Yeti-17" uid="6969191" lat="28.4680577" lon="83.8666446"/>
 <node id="343734422" visible="true" version="8" changeset="62004171" timestamp="2018-08-26T11:12:52Z" user="Yeti-17" uid="6969191" lat="28.4669534" lon="83.8655484"/>
 <node id="343734423" visible="true" version="9" changeset="145962367" timestamp="2024-01-06T15:57:05Z" user="jean-ray2" uid="11285694" lat="28.4660563" lon="83.8648402"/>
 <node id="343734425" visible="true" version="10" changeset="158279279" timestamp="2024-10-24T04:26:47Z" user="smont28" uid="4415167" lat="28.4655661" lon="83.8636124"/>
 <node id="343734426" visible="true" version="9" changeset="158279279" timestamp="2024-10-24T04:26:47Z" user="smont28" uid="4415167" lat="28.4654090" lon="83.8629751"/>
 <node id="343734428" visible="true" version="9" changeset="62004171" timestamp="2018-08-26T11:12:52Z" user="Yeti-17" uid="6969191" lat="28.4647364" lon="83.8624878"/>
 <node id="343734429" visible="true" version="7" changeset="298871" timestamp="2009-02-09T19:41:49Z" user="hongakonga" uid="38907" lat="28.4641834" lon="83.8622907"/>
 <node id="343734484" visible="true" version="8" changeset="158279279" timestamp="2024-10-24T04:26:47Z" user="smont28" uid="4415167" lat="28.4778129" lon="83.8826187"/>
 <node id="343734788" visible="true" version="7" changeset="62003583" timestamp="2018-08-26T10:41:16Z" user="Yeti-17" uid="6969191" lat="28.4840408" lon="83.8876496"/>
 <node id="343734789" visible="true" version="7" changeset="62003583" timestamp="2018-08-26T10:41:16Z" user="Yeti-17" uid="6969191" lat="28.4832434" lon="83.8867074"/>
 <node id="343734791" visible="true" version="7" changeset="76904982" timestamp="2019-11-11T11:42:28Z" user="krschap" uid="7004124" lat="28.4823778" lon="83.8860878"/>
 <node id="343734793" visible="true" version="7" changeset="145949660" timestamp="2024-01-06T09:40:10Z" user="jean-ray2" uid="11285694" lat="28.4804110" lon="83.8854486"/>
 <node id="343735145" visible="true" version="5" changeset="62003583" timestamp="2018-08-26T10:41:16Z" user="Yeti-17" uid="6969191" lat="28.4909359" lon="83.8926136"/>
 <node id="343735147" visible="true" version="5" changeset="62003583" timestamp="2018-08-26T10:41:16Z" user="Yeti-17" uid="6969191" lat="28.4903422" lon="83.8928250"/>
 <node id="343735148" visible="true" version="8" changeset="158279677" timestamp="2024-10-24T04:50:35Z" user="smont28" uid="4415167" lat="28.4900321" lon="83.8923675"/>
 <node id="343735152" visible="true" version="6" changeset="62003583" timestamp="2018-08-26T10:41:16Z" user="Yeti-17" uid="6969191" lat="28.4879865" lon="83.8910723"/>
 <node id="343735153" visible="true" version="7" changeset="158279677" timestamp="2024-10-24T04:50:35Z" user="smont28" uid="4415167" lat="28.4866825" lon="83.8895618"/>
 <node id="343735766" visible="true" version="5" changeset="76904982" timestamp="2019-11-11T11:42:28Z" user="krschap" uid="7004124" lat="28.4989197" lon="83.8998261"/>
 <node id="343735767" visible="true" version="6" changeset="145949660" timestamp="2024-01-06T09:40:10Z" user="jean-ray2" uid="11285694" lat="28.4984734" lon="83.8994406"/>
 <node id="343735768" visible="true" version="7" changeset="145951450" timestamp="2024-01-06T10:39:44Z" user="jean-ray2" uid="11285694" lat="28.4982324" lon="83.8993119"/>
 <node id="343735770" visible="true" version="7" changeset="174820109" timestamp="2025-11-18T15:04:43Z" user="rheins" uid="2996489" lat="28.4977613" lon="83.8987512"/>
 <node id="343735771" visible="true" version="6" changeset="62003583" timestamp="2018-08-26T10:41:16Z" user="Yeti-17" uid="6969191" lat="28.4971626" lon="83.8973105"/>
 <node id="343735772" visible="true" version="4" changeset="11315067" timestamp="2012-04-15T19:50:07Z" user="Praetorius" uid="31130" lat="28.4971074" lon="83.8970990"/>
 <node id="343735774" visible="true" version="6" changeset="158279744" timestamp="2024-10-24T04:55:40Z" user="smont28" uid="4415167" lat="28.4967240" lon="83.8969090"/>
 <node id="343735775" visible="true" version="8" changeset="158279963" timestamp="2024-10-24T05:07:03Z" user="smont28" uid="4415167" lat="28.4965137" lon="83.8966009"/>
 <node id="343735777" visible="true" version="5" changeset="158279744" timestamp="2024-10-24T04:55:40Z" user="smont28" uid="4415167" lat="28.4960027" lon="83.8960792"/>
 <node id="343735778" visible="true" version="4" changeset="62003583" timestamp="2018-08-26T10:41:17Z" user="Yeti-17" uid="6969191" lat="28.4941399" lon="83.8941029"/>
 <node id="343735779" visible="true" version="5" changeset="158279963" timestamp="2024-10-24T05:07:03Z" user="smont28" uid="4415167" lat="28.4941408" lon="83.8936065"/>
 <node id="343735780" visible="true" version="4" changeset="62003583" timestamp="2018-08-26T10:41:17Z" user="Yeti-17" uid="6969191" lat="28.4935804" lon="83.8934108"/>
 <node id="343735781" visible="true" version="4" changeset="62003583" timestamp="2018-08-26T10:41:17Z" user="Yeti-17" uid="6969191" lat="28.4932805" lon="83.8928272"/>
 <node id="343735784" visible="true" version="6" changeset="158279963" timestamp="2024-10-24T05:07:03Z" user="smont28" uid="4415167" lat="28.4927081" lon="83.8925356"/>
 <node id="343735785" visible="true" version="5" changeset="62003583" timestamp="2018-08-26T10:41:17Z" user="Yeti-17" uid="6969191" lat="28.4910784" lon="83.8924006"/>
 <node id="343736136" visible="true" version="4" changeset="158279677" timestamp="2024-10-24T04:50:35Z" user="smont28" uid="4415167" lat="28.5054580" lon="83.9035030"/>
 <node id="343736692" visible="true" version="5" changeset="158279963" timestamp="2024-10-24T05:07:03Z" user="smont28" uid="4415167" lat="28.5107527" lon="83.9047011"/>
 <node id="343736693" visible="true" version="4" changeset="158279963" timestamp="2024-10-24T05:07:03Z" user="smont28" uid="4415167" lat="28.5102235" lon="83.9046907"/>
 <node id="343736694" visible="true" version="6" changeset="158279963" timestamp="2024-10-24T05:07:03Z" user="smont28" uid="4415167" lat="28.5092311" lon="83.9047386"/>
 <node id="343736695" visible="true" version="5" changeset="158279677" timestamp="2024-10-24T04:50:35Z" user="smont28" uid="4415167" lat="28.5082103" lon="83.9046226"/>
 <node id="343736696" visible="true" version="5" changeset="158279677" timestamp="2024-10-24T04:50:35Z" user="smont28" uid="4415167" lat="28.5079442" lon="83.9044115"/>
 <node id="343736697" visible="true" version="8" changeset="174820109" timestamp="2025-11-18T15:04:43Z" user="rheins" uid="2996489" lat="28.5074877" lon="83.9043315"/>
 <node id="343736699" visible="true" version="5" changeset="174820109" timestamp="2025-11-18T15:04:43Z" user="rheins" uid="2996489" lat="28.5064501" lon="83.9042049"/>
 <node id="343736701" visible="true" version="4" changeset="158279677" timestamp="2024-10-24T04:50:35Z" user="smont28" uid="4415167" lat="28.5061066" lon="83.9040222"/>
 <node id="388572036" visible="true" version="5" changeset="76889595" timestamp="2019-11-11T06:59:57Z" user="Subash Tiwari" uid="6075635" lat="28.5265475" lon="83.9062915"/>
 <node id="388572039" visible="true" version="4" changeset="76888939" timestamp="2019-11-11T06:44:49Z" user="Subash Tiwari" uid="6075635" lat="28.5262906" lon="83.9066751">
  <tag k="name:en" v="Carlos Morais"/>
  <tag k="tourism" v="viewpoint"/>
 </node>
 <node id="388572041" visible="true" version="5" changeset="158279963" timestamp="2024-10-24T05:07:03Z" user="smont28" uid="4415167" lat="28.5273514" lon="83.9021065"/>
 <node id="388572042" visible="true" version="4" changeset="158279963" timestamp="2024-10-24T05:07:03Z" user="smont28" uid="4415167" lat="28.5282383" lon="83.8984998"/>
 <node id="388572044" visible="true" version="4" changeset="158279677" timestamp="2024-10-24T04:50:35Z" user="smont28" uid="4415167" lat="28.5289574" lon="83.8973288"/>
 <node id="388572046" visible="true" version="4" changeset="158279963" timestamp="2024-10-24T05:07:03Z" user="smont28" uid="4415167" lat="28.5297873" lon="83.8888032"/>
 <node id="388572047" visible="true" version="2" changeset="76888939" timestamp="2019-11-11T06:44:49Z" user="Subash Tiwari" uid="6075635" lat="28.5300689" lon="83.8881118"/>
 <node id="388572053" visible="true" version="3" changeset="145949660" timestamp="2024-01-06T09:40:10Z" user="jean-ray2" uid="11285694" lat="28.5310102" lon="83.8818404"/>
 <node id="388572054" visible="true" version="4" changeset="158279677" timestamp="2024-10-24T04:50:35Z" user="smont28" uid="4415167" lat="28.5309795" lon="83.8815889"/>
 <node id="388572078" visible="true" version="3" changeset="76891161" timestamp="2019-11-11T07:31:40Z" user="Subash Tiwari" uid="6075635" lat="28.4114304" lon="83.8217887"/>
 <node id="388572079" visible="true" version="4" changeset="76891161" timestamp="2019-11-11T07:31:40Z" user="Subash Tiwari" uid="6075635" lat="28.4110032" lon="83.8219998"/>
 <node id="388572081" visible="true" version="4" changeset="76891161" timestamp="2019-11-11T07:31:40Z" user="Subash Tiwari" uid="6075635" lat="28.4110687" lon="83.8222561"/>
 <node id="388572082" visible="true" version="4" changeset="76891161" timestamp="2019-11-11T07:31:40Z" user="Subash Tiwari" uid="6075635" lat="28.4109777" lon="83.8222238"/>
 <node id="388572084" visible="true" version="4" changeset="76891161" timestamp="2019-11-11T07:31:40Z" user="Subash Tiwari" uid="6075635" lat="28.4109593" lon="83.8223639"/>
 <node id="388572085" visible="true" version="5" changeset="145972145" timestamp="2024-01-06T21:27:48Z" user="jean-ray2" uid="11285694" lat="28.4108458" lon="83.8223780"/>
 <node id="388572087" visible="true" version="5" changeset="76942161" timestamp="2019-11-12T06:49:13Z" user="krschap" uid="7004124" lat="28.4103406" lon="83.8229061"/>
 <node id="388572088" visible="true" version="6" changeset="145972145" timestamp="2024-01-06T21:27:48Z" user="jean-ray2" uid="11285694" lat="28.4100688" lon="83.8233716"/>
 <node id="388572090" visible="true" version="3" changeset="76891161" timestamp="2019-11-11T07:31:40Z" user="Subash Tiwari" uid="6075635" lat="28.4099595" lon="83.8240360"/>
 <node id="388572092" visible="true" version="3" changeset="77106942" timestamp="2019-11-15T06:43:26Z" user="Subash Tiwari" uid="6075635" lat="28.4096510" lon="83.8238533"/>
 <node id="881809540" visible="true" version="4" changeset="76891161" timestamp="2019-11-11T07:31:40Z" user="Subash Tiwari" uid="6075635" lat="28.4126363" lon="83.8192249"/>
 <node id="1268576828" visible="true" version="2" changeset="11315067" timestamp="2012-04-15T19:49:55Z" user="Praetorius" uid="31130" lat="28.4328376" lon="83.8349575"/>
 <node id="1268576831" visible="true" version="3" changeset="62004171" timestamp="2018-08-26T11:12:52Z" user="Yeti-17" uid="6969191" lat="28.4450713" lon="83.8454622"/>
 <node id="1268576833" visible="true" version="4" changeset="62004171" timestamp="2018-08-26T11:12:52Z" user="Yeti-17" uid="6969191" lat="28.4281766" lon="83.8256665"/>
 <node id="1268576835" visible="true" version="4" changeset="158279200" timestamp="2024-10-24T04:21:02Z" user="smont28" uid="4415167" lat="28.4549962" lon="83.8554392"/>
 <node id="1268576839" visible="true" version="3" changeset="145939494" timestamp="2024-01-05T22:36:04Z" user="jean-ray2" uid="11285694" lat="28.4346806" lon="83.8383881"/>
 <node id="1268576859" visible="true" version="3" changeset="62004171" timestamp="2018-08-26T11:12:52Z" user="Yeti-17" uid="6969191" lat="28.4487718" lon="83.8458486"/>
 <node id="1268576862" visible="true" version="4" changeset="145939494" timestamp="2024-01-05T22:36:04Z" user="jean-ray2" uid="11285694" lat="28.4289872" lon="83.8267589"/>
 <node id="1268576865" visible="true" version="5" changeset="145962367" timestamp="2024-01-06T15:57:05Z" user="jean-ray2" uid="11285694" lat="28.4567799" lon="83.8567662"/>
 <node id="1268576868" visible="true" version="1" changeset="8019397" timestamp="2011-05-01T10:01:51Z" user="safado" uid="48243" lat="28.4402412" lon="83.8423023"/>
 <node id="1268576870" visible="true" version="2" changeset="62004171" timestamp="2018-08-26T11:12:52Z" user="Yeti-17" uid="6969191" lat="28.4496935" lon="83.8471628"/>
 <node id="1268576872" visible="true" version="2" changeset="62004171" timestamp="2018-08-26T11:12:52Z" user="Yeti-17" uid="6969191" lat="28.4288494" lon="83.8278933"/>
 <node id="1268576874" visible="true" version="3" changeset="62004171" timestamp="2018-08-26T11:12:52Z" user="Yeti-17" uid="6969191" lat="28.4412468" lon="83.8429007"/>
 <node id="1268576876" visible="true" version="3" changeset="62004171" timestamp="2018-08-26T11:12:52Z" user="Yeti-17" uid="6969191" lat="28.4506572" lon="83.8498624"/>
 <node id="1268576878" visible="true" version="6" changeset="145939494" timestamp="2024-01-05T22:36:04Z" user="jean-ray2" uid="11285694" lat="28.4280044" lon="83.8301030"/>
 <node id="1268576880" visible="true" version="3" changeset="62004171" timestamp="2018-08-26T11:12:52Z" user="Yeti-17" uid="6969191" lat="28.4434927" lon="83.8443137"/>
 <node id="1268576897" visible="true" version="3" changeset="145962367" timestamp="2024-01-06T15:57:05Z" user="jean-ray2" uid="11285694" lat="28.4520382" lon="83.8500110"/>
 <node id="1268576899" visible="true" version="3" changeset="62004171" timestamp="2018-08-26T11:12:52Z" user="Yeti-17" uid="6969191" lat="28.4318550" lon="83.8325888"/>
 <node id="1268576901" visible="true" version="3" changeset="158279200" timestamp="2024-10-24T04:21:02Z" user="smont28" uid="4415167" lat="28.4446991" lon="83.8455536"/>
 <node id="1268576903" visible="true" version="4" changeset="145962367" timestamp="2024-01-06T15:57:05Z" user="jean-ray2" uid="11285694" lat="28.4281751" lon="83.8237718"/>
 <node id="1268576906" visible="true" version="2" changeset="62004171" timestamp="2018-08-26T11:12:52Z" user="Yeti-17" uid="6969191" lat="28.4543246" lon="83.8544719"/>
 <node id="1268576908" visible="true" version="4" changeset="145939494" timestamp="2024-01-05T22:36:04Z" user="jean-ray2" uid="11285694" lat="28.4344617" lon="83.8374405"/>
 <node id="1268576911" visible="true" version="3" changeset="62004171" timestamp="2018-08-26T11:12:52Z" user="Yeti-17" uid="6969191" lat="28.4464977" lon="83.8456396"/>
 <node id="1268576914" visible="true" version="2" changeset="62004171" timestamp="2018-08-26T11:12:52Z" user="Yeti-17" uid="6969191" lat="28.4283237" lon="83.8264042"/>
 <node id="1268576918" visible="true" version="3" changeset="62004171" timestamp="2018-08-26T11:12:52Z" user="Yeti-17" uid="6969191" lat="28.4563170" lon="83.8563865"/>
 <node id="1268576922" visible="true" version="3" changeset="62004171" timestamp="2018-08-26T11:12:53Z" user="Yeti-17" uid="6969191" lat="28.4364777" lon="83.8385157"/>
 <node id="1268576926" visible="true" version="4" changeset="83505473" timestamp="2020-04-14T04:26:53Z" user="LomasDelGuijarro" uid="9388985" lat="28.4490458" lon="83.8459150"/>
 <node id="1268576943" visible="true" version="4" changeset="76889241" timestamp="2019-11-11T06:52:01Z" user="krschap" uid="7004124" lat="28.4291695" lon="83.8272413"/>
 <node id="1268576945" visible="true" version="3" changeset="62004171" timestamp="2018-08-26T11:12:53Z" user="Yeti-17" uid="6969191" lat="28.4408212" lon="83.8422265"/>
 <node id="1268576946" visible="true" version="2" changeset="62004171" timestamp="2018-08-26T11:12:53Z" user="Yeti-17" uid="6969191" lat="28.4504688" lon="83.8478121"/>
 <node id="1268576947" visible="true" version="5" changeset="145962367" timestamp="2024-01-06T15:57:05Z" user="jean-ray2" uid="11285694" lat="28.4284209" lon="83.8286391"/>
 <node id="1268576948" visible="true" version="3" changeset="62004171" timestamp="2018-08-26T11:12:53Z" user="Yeti-17" uid="6969191" lat="28.4428783" lon="83.8441063"/>
 <node id="1268576949" visible="true" version="3" changeset="62004171" timestamp="2018-08-26T11:12:53Z" user="Yeti-17" uid="6969191" lat="28.4510688" lon="83.8504535"/>
 <node id="1268576950" visible="true" version="3" changeset="62004171" timestamp="2018-08-26T11:12:53Z" user="Yeti-17" uid="6969191" lat="28.4305904" lon="83.8314554"/>
 <node id="1268576953" visible="true" version="3" changeset="62004171" timestamp="2018-08-26T11:12:53Z" user="Yeti-17" uid="6969191" lat="28.4445926" lon="83.8452268"/>
 <node id="1268576956" visible="true" version="4" changeset="29781017" timestamp="2015-03-27T16:03:04Z" user="chrischan" uid="22060" lat="28.4284137" lon="83.8227674"/>
 <node id="1268576959" visible="true" version="3" changeset="145962367" timestamp="2024-01-06T15:57:05Z" user="jean-ray2" uid="11285694" lat="28.4534376" lon="83.8519402"/>
 <node id="1269359671" visible="true" version="6" changeset="158279677" timestamp="2024-10-24T04:50:35Z" user="smont28" uid="4415167" lat="28.5153902" lon="83.9068070"/>
 <node id="1269359673" visible="true" version="6" changeset="174820109" timestamp="2025-11-18T15:04:43Z" user="rheins" uid="2996489" lat="28.5130615" lon="83.9060229"/>
 <node id="1269359691" visible="true" version="4" changeset="158279677" timestamp="2024-10-24T04:50:35Z" user="smont28" uid="4415167" lat="28.5134552" lon="83.9062867"/>
 <node id="1269359696" visible="true" version="6" changeset="158279963" timestamp="2024-10-24T05:07:03Z" user="smont28" uid="4415167" lat="28.5105937" lon="83.9046428"/>
 <node id="1269359778" visible="true" version="5" changeset="145939494" timestamp="2024-01-05T22:36:04Z" user="jean-ray2" uid="11285694" lat="28.4180348" lon="83.8183060"/>
 <node id="1269367611" visible="true" version="3" changeset="145939494" timestamp="2024-01-05T22:36:04Z" user="jean-ray2" uid="11285694" lat="28.4193068" lon="83.8177452"/>
 <node id="1269367662" visible="true" version="4" changeset="76888337" timestamp="2019-11-11T06:27:20Z" user="krschap" uid="7004124" lat="28.4180142" lon="83.8184311"/>
 <node id="1718429546" visible="true" version="4" changeset="76891161" timestamp="2019-11-11T07:31:40Z" user="Subash Tiwari" uid="6075635" lat="28.4136394" lon="83.8183678"/>
 <node id="1718429550" visible="true" version="4" changeset="76891161" timestamp="2019-11-11T07:31:40Z" user="Subash Tiwari" uid="6075635" lat="28.4139970" lon="83.8187576"/>
 <node id="1718429563" visible="true" version="2" changeset="15969772" timestamp="2013-05-04T10:58:40Z" user="Zhent" uid="181013" lat="28.4150974" lon="83.8190029"/>
 <node id="1718429564" visible="true" version="1" changeset="11315067" timestamp="2012-04-15T19:49:26Z" user="Praetorius" uid="31130" lat="28.4157579" lon="83.8191098"/>
 <node id="1718429565" visible="true" version="3" changeset="145962367" timestamp="2024-01-06T15:57:05Z" user="jean-ray2" uid="11285694" lat="28.4176411" lon="83.8187838"/>
 <node id="1718429566" visible="true" version="3" changeset="76888337" timestamp="2019-11-11T06:27:20Z" user="krschap" uid="7004124" lat="28.4178975" lon="83.8186319"/>
 <node id="1718429567" visible="true" version="2" changeset="15969772" timestamp="2013-05-04T10:58:40Z" user="Zhent" uid="181013" lat="28.4182965" lon="83.8183635"/>
 <node id="1718429569" visible="true" version="3" changeset="76993166" timestamp="2019-11-13T06:31:11Z" user="Subash Tiwari" uid="6075635" lat="28.4198197" lon="83.8175826"/>
 <node id="1718429576" visible="true" version="3" changeset="76993166" timestamp="2019-11-13T06:31:11Z" user="Subash Tiwari" uid="6075635" lat="28.4200417" lon="83.8176077"/>
 <node id="1718429579" visible="true" version="3" changeset="145939494" timestamp="2024-01-05T22:36:04Z" user="jean-ray2" uid="11285694" lat="28.4221736" lon="83.8173273"/>
 <node id="1718429581" visible="true" version="4" changeset="145962367" timestamp="2024-01-06T15:57:05Z" user="jean-ray2" uid="11285694" lat="28.4254918" lon="83.8189222"/>
 <node id="1718429582" visible="true" version="5" changeset="145962367" timestamp="2024-01-06T15:57:05Z" user="jean-ray2" uid="11285694" lat="28.4265128" lon="83.8194523"/>
 <node id="1718429585" visible="true" version="5" changeset="145962367" timestamp="2024-01-06T15:57:05Z" user="jean-ray2" uid="11285694" lat="28.4280966" lon="83.8244520"/>
 <node id="1718429586" visible="true" version="4" changeset="145962367" timestamp="2024-01-06T15:57:05Z" user="jean-ray2" uid="11285694" lat="28.4280935" lon="83.8249479"/>
 <node id="1718429588" visible="true" version="3" changeset="145939494" timestamp="2024-01-05T22:36:04Z" user="jean-ray2" uid="11285694" lat="28.4281304" lon="83.8247619"/>
 <node id="1718429596" visible="true" version="3" changeset="145939494" timestamp="2024-01-05T22:36:04Z" user="jean-ray2" uid="11285694" lat="28.4281953" lon="83.8231516"/>
 <node id="1718429598" visible="true" version="2" changeset="62004171" timestamp="2018-08-26T11:12:53Z" user="Yeti-17" uid="6969191" lat="28.4282284" lon="83.8290856"/>
 <node id="1718429600" visible="true" version="2" changeset="61861384" timestamp="2018-08-21T16:10:44Z" user="Yeti-17" uid="6969191" lat="28.4283250" lon="83.8244109"/>
 <node id="1718429601" visible="true" version="2" changeset="61861384" timestamp="2018-08-21T16:10:44Z" user="Yeti-17" uid="6969191" lat="28.4284202" lon="83.8240976"/>
 <node id="1718429602" visible="true" version="2" changeset="62004171" timestamp="2018-08-26T11:12:53Z" user="Yeti-17" uid="6969191" lat="28.4284553" lon="83.8288460"/>
 <node id="1718429603" visible="true" version="1" changeset="11315067" timestamp="2012-04-15T19:49:27Z" user="Praetorius" uid="31130" lat="28.4284512" lon="83.8285364"/>
 <node id="1718429604" visible="true" version="2" changeset="62004171" timestamp="2018-08-26T11:12:53Z" user="Yeti-17" uid="6969191" lat="28.4286067" lon="83.8282486"/>
 <node id="1718429605" visible="true" version="1" changeset="11315067" timestamp="2012-04-15T19:49:27Z" user="Praetorius" uid="31130" lat="28.4285989" lon="83.8263160"/>
 <node id="1718429606" visible="true" version="2" changeset="62004171" timestamp="2018-08-26T11:12:53Z" user="Yeti-17" uid="6969191" lat="28.4286359" lon="83.8302903"/>
 <node id="1718429607" visible="true" version="2" changeset="62004171" timestamp="2018-08-26T11:12:53Z" user="Yeti-17" uid="6969191" lat="28.4288116" lon="83.8304246"/>
 <node id="1718429608" visible="true" version="2" changeset="62004171" timestamp="2018-08-26T11:12:53Z" user="Yeti-17" uid="6969191" lat="28.4288438" lon="83.8264135"/>
 <node id="1718429609" visible="true" version="2" changeset="62004171" timestamp="2018-08-26T11:12:53Z" user="Yeti-17" uid="6969191" lat="28.4290081" lon="83.8304842"/>
 <node id="1718429610" visible="true" version="1" changeset="11315067" timestamp="2012-04-15T19:49:28Z" user="Praetorius" uid="31130" lat="28.4290720" lon="83.8304648"/>
 <node id="1718429611" visible="true" version="1" changeset="11315067" timestamp="2012-04-15T19:49:28Z" user="Praetorius" uid="31130" lat="28.4290843" lon="83.8276228"/>
 <node id="1718429612" visible="true" version="3" changeset="145939494" timestamp="2024-01-05T22:36:04Z" user="jean-ray2" uid="11285694" lat="28.4291139" lon="83.8268766"/>
 <node id="1718429613" visible="true" version="2" changeset="62004171" timestamp="2018-08-26T11:12:53Z" user="Yeti-17" uid="6969191" lat="28.4295202" lon="83.8307208"/>
 <node id="1718429614" visible="true" version="2" changeset="145962367" timestamp="2024-01-06T15:57:05Z" user="jean-ray2" uid="11285694" lat="28.4298598" lon="83.8308261"/>
 <node id="1718429615" visible="true" version="3" changeset="145962367" timestamp="2024-01-06T15:57:05Z" user="jean-ray2" uid="11285694" lat="28.4299579" lon="83.8308634"/>
 <node id="1718429616" visible="true" version="2" changeset="145939494" timestamp="2024-01-05T22:36:04Z" user="jean-ray2" uid="11285694" lat="28.4322673" lon="83.8337803"/>
 <node id="1718429617" visible="true" version="2" changeset="62004171" timestamp="2018-08-26T11:12:53Z" user="Yeti-17" uid="6969191" lat="28.4323749" lon="83.8340571"/>
 <node id="1718429618" visible="true" version="4" changeset="145962367" timestamp="2024-01-06T15:57:05Z" user="jean-ray2" uid="11285694" lat="28.4323794" lon="83.8343168"/>
 <node id="1718429619" visible="true" version="4" changeset="145962367" timestamp="2024-01-06T15:57:05Z" user="jean-ray2" uid="11285694" lat="28.4323764" lon="83.8345818"/>
 <node id="1718429620" visible="true" version="2" changeset="145939494" timestamp="2024-01-05T22:36:04Z" user="jean-ray2" uid="11285694" lat="28.4329182" lon="83.8350666"/>
 <node id="1718429621" visible="true" version="2" changeset="62004171" timestamp="2018-08-26T11:12:53Z" user="Yeti-17" uid="6969191" lat="28.4340339" lon="83.8365771"/>
 <node id="1718429622" visible="true" version="2" changeset="62004171" timestamp="2018-08-26T11:12:53Z" user="Yeti-17" uid="6969191" lat="28.4340976" lon="83.8368646"/>
 <node id="1718429623" visible="true" version="3" changeset="145939494" timestamp="2024-01-05T22:36:04Z" user="jean-ray2" uid="11285694" lat="28.4341267" lon="83.8370143"/>
 <node id="1718429624" visible="true" version="3" changeset="145939494" timestamp="2024-01-05T22:36:04Z" user="jean-ray2" uid="11285694" lat="28.4343329" lon="83.8372787"/>
 <node id="1718429625" visible="true" version="3" changeset="145939494" timestamp="2024-01-05T22:36:04Z" user="jean-ray2" uid="11285694" lat="28.4345515" lon="83.8380605"/>
 <node id="1718429626" visible="true" version="3" changeset="145939494" timestamp="2024-01-05T22:36:04Z" user="jean-ray2" uid="11285694" lat="28.4354480" lon="83.8383771"/>
 <node id="1718429627" visible="true" version="3" changeset="145939494" timestamp="2024-01-05T22:36:04Z" user="jean-ray2" uid="11285694" lat="28.4360525" lon="83.8383785"/>
 <node id="1718429628" visible="true" version="2" changeset="62004171" timestamp="2018-08-26T11:12:53Z" user="Yeti-17" uid="6969191" lat="28.4367048" lon="83.8388690"/>
 <node id="1718429629" visible="true" version="2" changeset="62004171" timestamp="2018-08-26T11:12:53Z" user="Yeti-17" uid="6969191" lat="28.4368373" lon="83.8389896"/>
 <node id="1718429630" visible="true" version="2" changeset="62004171" timestamp="2018-08-26T11:12:53Z" user="Yeti-17" uid="6969191" lat="28.4370055" lon="83.8390438"/>
 <node id="1718429631" visible="true" version="2" changeset="62004171" timestamp="2018-08-26T11:12:53Z" user="Yeti-17" uid="6969191" lat="28.4374424" lon="83.8393650"/>
 <node id="1718429632" visible="true" version="3" changeset="158279200" timestamp="2024-10-24T04:21:02Z" user="smont28" uid="4415167" lat="28.4377203" lon="83.8399387"/>
 <node id="1718429633" visible="true" version="3" changeset="145962367" timestamp="2024-01-06T15:57:05Z" user="jean-ray2" uid="11285694" lat="28.4383493" lon="83.8404927"/>
 <node id="1718429634" visible="true" version="2" changeset="62004171" timestamp="2018-08-26T11:12:53Z" user="Yeti-17" uid="6969191" lat="28.4387659" lon="83.8407144"/>
 <node id="1718429635" visible="true" version="3" changeset="158279344" timestamp="2024-10-24T04:30:20Z" user="smont28" uid="4415167" lat="28.4390216" lon="83.8411571"/>
 <node id="1718429636" visible="true" version="3" changeset="158279344" timestamp="2024-10-24T04:30:20Z" user="smont28" uid="4415167" lat="28.4391922" lon="83.8413522"/>
 <node id="1718429637" visible="true" version="3" changeset="158279344" timestamp="2024-10-24T04:30:20Z" user="smont28" uid="4415167" lat="28.4395013" lon="83.8416129"/>
 <node id="1718429638" visible="true" version="3" changeset="158279344" timestamp="2024-10-24T04:30:20Z" user="smont28" uid="4415167" lat="28.4397561" lon="83.8418221"/>
 <node id="1718429639" visible="true" version="3" changeset="158279344" timestamp="2024-10-24T04:30:20Z" user="smont28" uid="4415167" lat="28.4399168" lon="83.8420459"/>
 <node id="1718429640" visible="true" version="2" changeset="62004171" timestamp="2018-08-26T11:12:53Z" user="Yeti-17" uid="6969191" lat="28.4405050" lon="83.8423305"/>
 <node id="1718429641" visible="true" version="2" changeset="62004171" timestamp="2018-08-26T11:12:53Z" user="Yeti-17" uid="6969191" lat="28.4410188" lon="83.8426980"/>
 <node id="1718429642" visible="true" version="2" changeset="62004171" timestamp="2018-08-26T11:12:53Z" user="Yeti-17" uid="6969191" lat="28.4415866" lon="83.8433009"/>
 <node id="1718429643" visible="true" version="2" changeset="62004171" timestamp="2018-08-26T11:12:53Z" user="Yeti-17" uid="6969191" lat="28.4417781" lon="83.8435572"/>
 <node id="1718429644" visible="true" version="2" changeset="62004171" timestamp="2018-08-26T11:12:53Z" user="Yeti-17" uid="6969191" lat="28.4421010" lon="83.8439303"/>
 <node id="1718429645" visible="true" version="1" changeset="11315067" timestamp="2012-04-15T19:49:30Z" user="Praetorius" uid="31130" lat="28.4423856" lon="83.8441243"/>
 <node id="1718429646" visible="true" version="3" changeset="145962367" timestamp="2024-01-06T15:57:05Z" user="jean-ray2" uid="11285694" lat="28.4432425" lon="83.8441859"/>
 <node id="1718429647" visible="true" version="2" changeset="62004171" timestamp="2018-08-26T11:12:53Z" user="Yeti-17" uid="6969191" lat="28.4440443" lon="83.8447935"/>
 <node id="1718429648" visible="true" version="2" changeset="158279200" timestamp="2024-10-24T04:21:02Z" user="smont28" uid="4415167" lat="28.4446450" lon="83.8453878"/>
 <node id="1718429649" visible="true" version="2" changeset="62004171" timestamp="2018-08-26T11:12:53Z" user="Yeti-17" uid="6969191" lat="28.4448635" lon="83.8455821"/>
 <node id="1718429650" visible="true" version="2" changeset="62004171" timestamp="2018-08-26T11:12:53Z" user="Yeti-17" uid="6969191" lat="28.4454721" lon="83.8454244"/>
 <node id="1718429651" visible="true" version="2" changeset="62004171" timestamp="2018-08-26T11:12:53Z" user="Yeti-17" uid="6969191" lat="28.4460434" lon="83.8455694"/>
 <node id="1718429652" visible="true" version="2" changeset="62004171" timestamp="2018-08-26T11:12:53Z" user="Yeti-17" uid="6969191" lat="28.4469887" lon="83.8456896"/>
 <node id="1718429653" visible="true" version="2" changeset="62004171" timestamp="2018-08-26T11:12:54Z" user="Yeti-17" uid="6969191" lat="28.4479399" lon="83.8455614"/>
 <node id="1718429654" visible="true" version="2" changeset="62004171" timestamp="2018-08-26T11:12:54Z" user="Yeti-17" uid="6969191" lat="28.4482799" lon="83.8456577"/>
 <node id="1718429655" visible="true" version="2" changeset="62004171" timestamp="2018-08-26T11:12:54Z" user="Yeti-17" uid="6969191" lat="28.4494529" lon="83.8465867"/>
 <node id="1718429656" visible="true" version="2" changeset="62004171" timestamp="2018-08-26T11:12:54Z" user="Yeti-17" uid="6969191" lat="28.4504266" lon="83.8481522"/>
 <node id="1718429657" visible="true" version="2" changeset="62004171" timestamp="2018-08-26T11:12:54Z" user="Yeti-17" uid="6969191" lat="28.4505682" lon="83.8491421"/>
 <node id="1718429658" visible="true" version="3" changeset="145962367" timestamp="2024-01-06T15:57:05Z" user="jean-ray2" uid="11285694" lat="28.4516474" lon="83.8500283"/>
 <node id="1718429659" visible="true" version="2" changeset="62004171" timestamp="2018-08-26T11:12:54Z" user="Yeti-17" uid="6969191" lat="28.4555157" lon="83.8556787"/>
 <node id="1718429660" visible="true" version="4" changeset="145949660" timestamp="2024-01-06T09:40:10Z" user="jean-ray2" uid="11285694" lat="28.4558541" lon="83.8561513"/>
 <node id="1718429661" visible="true" version="3" changeset="145962367" timestamp="2024-01-06T15:57:05Z" user="jean-ray2" uid="11285694" lat="28.4572170" lon="83.8567491"/>
 <node id="1718429662" visible="true" version="3" changeset="145962367" timestamp="2024-01-06T15:57:05Z" user="jean-ray2" uid="11285694" lat="28.4574432" lon="83.8569441"/>
 <node id="1718429663" visible="true" version="2" changeset="62004171" timestamp="2018-08-26T11:12:54Z" user="Yeti-17" uid="6969191" lat="28.4582603" lon="83.8575033"/>
 <node id="1718429664" visible="true" version="2" changeset="62004171" timestamp="2018-08-26T11:12:54Z" user="Yeti-17" uid="6969191" lat="28.4588129" lon="83.8578558"/>
 <node id="1718429665" visible="true" version="2" changeset="62004171" timestamp="2018-08-26T11:12:54Z" user="Yeti-17" uid="6969191" lat="28.4589223" lon="83.8581104"/>
 <node id="1718429666" visible="true" version="1" changeset="11315067" timestamp="2012-04-15T19:49:32Z" user="Praetorius" uid="31130" lat="28.4598958" lon="83.8589375"/>
 <node id="1718429667" visible="true" version="4" changeset="158279344" timestamp="2024-10-24T04:30:20Z" user="smont28" uid="4415167" lat="28.4604720" lon="83.8597129"/>
 <node id="1718429669" visible="true" version="2" changeset="62004171" timestamp="2018-08-26T11:12:54Z" user="Yeti-17" uid="6969191" lat="28.4611401" lon="83.8603197"/>
 <node id="1718429670" visible="true" version="2" changeset="62004171" timestamp="2018-08-26T11:12:54Z" user="Yeti-17" uid="6969191" lat="28.4621388" lon="83.8609861"/>
 <node id="1718429671" visible="true" version="3" changeset="76904982" timestamp="2019-11-11T11:42:28Z" user="krschap" uid="7004124" lat="28.4626715" lon="83.8610555"/>
 <node id="1718429672" visible="true" version="3" changeset="76904982" timestamp="2019-11-11T11:42:28Z" user="krschap" uid="7004124" lat="28.4632176" lon="83.8609640"/>
 <node id="1718429673" visible="true" version="2" changeset="62004171" timestamp="2018-08-26T11:12:54Z" user="Yeti-17" uid="6969191" lat="28.4636013" lon="83.8612270"/>
 <node id="1718429674" visible="true" version="2" changeset="62004171" timestamp="2018-08-26T11:12:54Z" user="Yeti-17" uid="6969191" lat="28.4636598" lon="83.8613869"/>
 <node id="1718429675" visible="true" version="1" changeset="11315067" timestamp="2012-04-15T19:49:33Z" user="Praetorius" uid="31130" lat="28.4638465" lon="83.8618703"/>
 <node id="1718429676" visible="true" version="2" changeset="62004171" timestamp="2018-08-26T11:12:54Z" user="Yeti-17" uid="6969191" lat="28.4638637" lon="83.8614804"/>
 <node id="1718429677" visible="true" version="2" changeset="62004171" timestamp="2018-08-26T11:12:54Z" user="Yeti-17" uid="6969191" lat="28.4639370" lon="83.8620635"/>
 <node id="1718429678" visible="true" version="2" changeset="62004171" timestamp="2018-08-26T11:12:54Z" user="Yeti-17" uid="6969191" lat="28.4644413" lon="83.8624707"/>
 <node id="1718429679" visible="true" version="2" changeset="62004171" timestamp="2018-08-26T11:12:54Z" user="Yeti-17" uid="6969191" lat="28.4651840" lon="83.8627247"/>
 <node id="1718429680" visible="true" version="3" changeset="158279279" timestamp="2024-10-24T04:26:47Z" user="smont28" uid="4415167" lat="28.4655971" lon="83.8638864"/>
 <node id="1718429681" visible="true" version="2" changeset="62004171" timestamp="2018-08-26T11:12:54Z" user="Yeti-17" uid="6969191" lat="28.4657995" lon="83.8643160"/>
 <node id="1718429682" visible="true" version="3" changeset="167719681" timestamp="2025-06-17T03:49:49Z" user="BaboucheVerte" uid="6296343" lat="28.4681823" lon="83.8669756">
  <tag k="ford" v="yes"/>
 </node>
 <node id="1718429683" visible="true" version="2" changeset="62004171" timestamp="2018-08-26T11:12:54Z" user="Yeti-17" uid="6969191" lat="28.4684994" lon="83.8676280"/>
 <node id="1718429684" visible="true" version="2" changeset="62004171" timestamp="2018-08-26T11:12:54Z" user="Yeti-17" uid="6969191" lat="28.4689747" lon="83.8681250"/>
 <node id="1718429685" visible="true" version="3" changeset="145962367" timestamp="2024-01-06T15:57:05Z" user="jean-ray2" uid="11285694" lat="28.4691911" lon="83.8681524"/>
 <node id="1718429686" visible="true" version="1" changeset="11315067" timestamp="2012-04-15T19:49:33Z" user="Praetorius" uid="31130" lat="28.4703096" lon="83.8706285"/>
 <node id="1718429687" visible="true" version="1" changeset="11315067" timestamp="2012-04-15T19:49:33Z" user="Praetorius" uid="31130" lat="28.4704610" lon="83.8706974"/>
 <node id="1718429688" visible="true" version="2" changeset="62004171" timestamp="2018-08-26T11:12:54Z" user="Yeti-17" uid="6969191" lat="28.4706185" lon="83.8709633"/>
 <node id="1718429689" visible="true" version="2" changeset="158279279" timestamp="2024-10-24T04:26:47Z" user="smont28" uid="4415167" lat="28.4764452" lon="83.8791777"/>
 <node id="1718429690" visible="true" version="3" changeset="158279279" timestamp="2024-10-24T04:26:47Z" user="smont28" uid="4415167" lat="28.4765589" lon="83.8794685"/>
 <node id="1718429691" visible="true" version="3" changeset="158279279" timestamp="2024-10-24T04:26:47Z" user="smont28" uid="4415167" lat="28.4773372" lon="83.8810349"/>
 <node id="1718429692" visible="true" version="2" changeset="158279279" timestamp="2024-10-24T04:26:47Z" user="smont28" uid="4415167" lat="28.4774686" lon="83.8812657"/>
 <node id="1718429693" visible="true" version="3" changeset="158279279" timestamp="2024-10-24T04:26:47Z" user="smont28" uid="4415167" lat="28.4776320" lon="83.8819586"/>
 <node id="1718429694" visible="true" version="3" changeset="158279279" timestamp="2024-10-24T04:26:47Z" user="smont28" uid="4415167" lat="28.4778067" lon="83.8828393"/>
 <node id="1718429696" visible="true" version="3" changeset="62003583" timestamp="2018-08-26T10:41:18Z" user="Yeti-17" uid="6969191" lat="28.4844810" lon="83.8883924"/>
 <node id="1718429697" visible="true" version="2" changeset="158279677" timestamp="2024-10-24T04:50:35Z" user="smont28" uid="4415167" lat="28.4855816" lon="83.8889944"/>
 <node id="1718429699" visible="true" version="3" changeset="158279677" timestamp="2024-10-24T04:50:35Z" user="smont28" uid="4415167" lat="28.4859828" lon="83.8891147"/>
 <node id="1718429707" visible="true" version="3" changeset="158279677" timestamp="2024-10-24T04:50:35Z" user="smont28" uid="4415167" lat="28.4864579" lon="83.8895007"/>
 <node id="1718429708" visible="true" version="3" changeset="158279677" timestamp="2024-10-24T04:50:35Z" user="smont28" uid="4415167" lat="28.4868539" lon="83.8896805"/>
 <node id="1718429709" visible="true" version="3" changeset="158279677" timestamp="2024-10-24T04:50:35Z" user="smont28" uid="4415167" lat="28.4871450" lon="83.8900102"/>
 <node id="1718429710" visible="true" version="2" changeset="62003583" timestamp="2018-08-26T10:41:18Z" user="Yeti-17" uid="6969191" lat="28.4873948" lon="83.8903462"/>
 <node id="1718429711" visible="true" version="2" changeset="62003583" timestamp="2018-08-26T10:41:18Z" user="Yeti-17" uid="6969191" lat="28.4892451" lon="83.8921954"/>
 <node id="1718429712" visible="true" version="2" changeset="62003583" timestamp="2018-08-26T10:41:18Z" user="Yeti-17" uid="6969191" lat="28.4895528" lon="83.8924012"/>
 <node id="1718429713" visible="true" version="1" changeset="11315067" timestamp="2012-04-15T19:49:35Z" user="Praetorius" uid="31130" lat="28.4907206" lon="83.8928052"/>
 <node id="1718429714" visible="true" version="4" changeset="158279963" timestamp="2024-10-24T05:07:03Z" user="smont28" uid="4415167" lat="28.4920479" lon="83.8924494"/>
 <node id="1718429718" visible="true" version="4" changeset="158279963" timestamp="2024-10-24T05:07:03Z" user="smont28" uid="4415167" lat="28.4924461" lon="83.8924786"/>
 <node id="1718429726" visible="true" version="3" changeset="158279963" timestamp="2024-10-24T05:07:03Z" user="smont28" uid="4415167" lat="28.4928389" lon="83.8925971"/>
 <node id="1718429728" visible="true" version="2" changeset="62003583" timestamp="2018-08-26T10:41:18Z" user="Yeti-17" uid="6969191" lat="28.4931214" lon="83.8928122"/>
 <node id="1718429729" visible="true" version="2" changeset="62003583" timestamp="2018-08-26T10:41:18Z" user="Yeti-17" uid="6969191" lat="28.4937222" lon="83.8935117"/>
 <node id="1718429730" visible="true" version="2" changeset="62003583" timestamp="2018-08-26T10:41:18Z" user="Yeti-17" uid="6969191" lat="28.4939277" lon="83.8935523"/>
 <node id="1718429731" visible="true" version="3" changeset="158279963" timestamp="2024-10-24T05:07:03Z" user="smont28" uid="4415167" lat="28.4941460" lon="83.8939136"/>
 <node id="1718429732" visible="true" version="3" changeset="158279963" timestamp="2024-10-24T05:07:03Z" user="smont28" uid="4415167" lat="28.4941915" lon="83.8938299"/>
 <node id="1718429733" visible="true" version="2" changeset="62003583" timestamp="2018-08-26T10:41:18Z" user="Yeti-17" uid="6969191" lat="28.4943632" lon="83.8943863"/>
 <node id="1718429734" visible="true" version="1" changeset="11315067" timestamp="2012-04-15T19:49:35Z" user="Praetorius" uid="31130" lat="28.4945320" lon="83.8943394"/>
 <node id="1718429736" visible="true" version="2" changeset="158279677" timestamp="2024-10-24T04:50:35Z" user="smont28" uid="4415167" lat="28.4946066" lon="83.8946302"/>
 <node id="1718429738" visible="true" version="3" changeset="158279677" timestamp="2024-10-24T04:50:35Z" user="smont28" uid="4415167" lat="28.4946246" lon="83.8947859"/>
 <node id="1718429746" visible="true" version="2" changeset="145949660" timestamp="2024-01-06T09:40:10Z" user="jean-ray2" uid="11285694" lat="28.4948674" lon="83.8949479"/>
 <node id="1718429747" visible="true" version="5" changeset="158279963" timestamp="2024-10-24T05:07:03Z" user="smont28" uid="4415167" lat="28.4954779" lon="83.8955289"/>
 <node id="1718429748" visible="true" version="4" changeset="158279677" timestamp="2024-10-24T04:50:35Z" user="smont28" uid="4415167" lat="28.4971260" lon="83.8975851"/>
 <node id="1718429749" visible="true" version="4" changeset="145949660" timestamp="2024-01-06T09:40:10Z" user="jean-ray2" uid="11285694" lat="28.4987764" lon="83.8996095"/>
 <node id="1718429753" visible="true" version="6" changeset="174820109" timestamp="2025-11-18T15:04:43Z" user="rheins" uid="2996489" lat="28.5071635" lon="83.9043502"/>
 <node id="1718429754" visible="true" version="5" changeset="158279963" timestamp="2024-10-24T05:07:03Z" user="smont28" uid="4415167" lat="28.5119971" lon="83.9057720"/>
 <node id="1718429755" visible="true" version="4" changeset="145949660" timestamp="2024-01-06T09:40:10Z" user="jean-ray2" uid="11285694" lat="28.5122408" lon="83.9056583"/>
 <node id="1718429756" visible="true" version="5" changeset="158279677" timestamp="2024-10-24T04:50:35Z" user="smont28" uid="4415167" lat="28.5140905" lon="83.9064496"/>
 <node id="1718429757" visible="true" version="5" changeset="158279963" timestamp="2024-10-24T05:07:03Z" user="smont28" uid="4415167" lat="28.5146935" lon="83.9064254"/>
 <node id="1718429758" visible="true" version="3" changeset="158279677" timestamp="2024-10-24T04:50:35Z" user="smont28" uid="4415167" lat="28.5170644" lon="83.9075322"/>
 <node id="1718429759" visible="true" version="4" changeset="158279677" timestamp="2024-10-24T04:50:35Z" user="smont28" uid="4415167" lat="28.5177202" lon="83.9076211"/>
 <node id="1718429760" visible="true" version="4" changeset="145949660" timestamp="2024-01-06T09:40:10Z" user="jean-ray2" uid="11285694" lat="28.5188208" lon="83.9075141"/>
 <node id="1718429761" visible="true" version="2" changeset="158279677" timestamp="2024-10-24T04:50:35Z" user="smont28" uid="4415167" lat="28.5210771" lon="83.9081112"/>
 <node id="1718429762" visible="true" version="2" changeset="158279677" timestamp="2024-10-24T04:50:35Z" user="smont28" uid="4415167" lat="28.5216245" lon="83.9080707"/>
 <node id="1718429763" visible="true" version="2" changeset="158279677" timestamp="2024-10-24T04:50:35Z" user="smont28" uid="4415167" lat="28.5221095" lon="83.9081964"/>
 <node id="1718429764" visible="true" version="2" changeset="62003583" timestamp="2018-08-26T10:41:18Z" user="Yeti-17" uid="6969191" lat="28.5228489" lon="83.9082108"/>
 <node id="1718429765" visible="true" version="2" changeset="76889595" timestamp="2019-11-11T06:59:57Z" user="Subash Tiwari" uid="6075635" lat="28.5242961" lon="83.9079929"/>
 <node id="1718429766" visible="true" version="4" changeset="158279963" timestamp="2024-10-24T05:07:03Z" user="smont28" uid="4415167" lat="28.5244398" lon="83.9079559"/>
 <node id="1718429767" visible="true" version="2" changeset="76889595" timestamp="2019-11-11T06:59:57Z" user="Subash Tiwari" uid="6075635" lat="28.5252299" lon="83.9075490"/>
 <node id="1718429768" visible="true" version="3" changeset="76888939" timestamp="2019-11-11T06:44:49Z" user="Subash Tiwari" uid="6075635" lat="28.5271491" lon="83.9049940"/>
 <node id="1718429769" visible="true" version="3" changeset="76888939" timestamp="2019-11-11T06:44:49Z" user="Subash Tiwari" uid="6075635" lat="28.5272704" lon="83.9047390"/>
 <node id="1718429770" visible="true" version="4" changeset="158279963" timestamp="2024-10-24T05:07:03Z" user="smont28" uid="4415167" lat="28.5273820" lon="83.9019335"/>
 <node id="1718429771" visible="true" version="4" changeset="158279963" timestamp="2024-10-24T05:07:03Z" user="smont28" uid="4415167" lat="28.5274482" lon="83.9026359"/>
 <node id="1718429772" visible="true" version="4" changeset="158279963" timestamp="2024-10-24T05:07:03Z" user="smont28" uid="4415167" lat="28.5274544" lon="83.9032067"/>
 <node id="1718429773" visible="true" version="4" changeset="158279963" timestamp="2024-10-24T05:07:03Z" user="smont28" uid="4415167" lat="28.5275521" lon="83.9016930"/>
 <node id="1718429774" visible="true" version="3" changeset="158279963" timestamp="2024-10-24T05:07:03Z" user="smont28" uid="4415167" lat="28.5276215" lon="83.9012806"/>
 <node id="1718429775" visible="true" version="3" changeset="158279963" timestamp="2024-10-24T05:07:03Z" user="smont28" uid="4415167" lat="28.5278042" lon="83.9004572"/>
 <node id="1718429776" visible="true" version="3" changeset="158279963" timestamp="2024-10-24T05:07:03Z" user="smont28" uid="4415167" lat="28.5279872" lon="83.8997248"/>
 <node id="1718429779" visible="true" version="4" changeset="158279963" timestamp="2024-10-24T05:07:03Z" user="smont28" uid="4415167" lat="28.5280573" lon="83.8994382"/>
 <node id="1718429780" visible="true" version="3" changeset="158279963" timestamp="2024-10-24T05:07:03Z" user="smont28" uid="4415167" lat="28.5284769" lon="83.8983221"/>
 <node id="1718429781" visible="true" version="1" changeset="11315067" timestamp="2012-04-15T19:49:38Z" user="Praetorius" uid="31130" lat="28.5286170" lon="83.8978741"/>
 <node id="1718429782" visible="true" version="3" changeset="158279677" timestamp="2024-10-24T04:50:35Z" user="smont28" uid="4415167" lat="28.5287935" lon="83.8976015"/>
 <node id="1718429783" visible="true" version="3" changeset="76888939" timestamp="2019-11-11T06:44:49Z" user="Subash Tiwari" uid="6075635" lat="28.5290363" lon="83.8968470"/>
 <node id="1718429784" visible="true" version="4" changeset="158279677" timestamp="2024-10-24T04:50:35Z" user="smont28" uid="4415167" lat="28.5291326" lon="83.8964223"/>
 <node id="1718429785" visible="true" version="5" changeset="145951450" timestamp="2024-01-06T10:39:44Z" user="jean-ray2" uid="11285694" lat="28.5292392" lon="83.8944266"/>
 <node id="1718429786" visible="true" version="4" changeset="158279677" timestamp="2024-10-24T04:50:35Z" user="smont28" uid="4415167" lat="28.5294313" lon="83.8923858"/>
 <node id="1718429787" visible="true" version="4" changeset="158279677" timestamp="2024-10-24T04:50:35Z" user="smont28" uid="4415167" lat="28.5294204" lon="83.8932919"/>
 <node id="1718429788" visible="true" version="2" changeset="158279677" timestamp="2024-10-24T04:50:35Z" user="smont28" uid="4415167" lat="28.5295737" lon="83.8905089"/>
 <node id="1718429789" visible="true" version="2" changeset="158279677" timestamp="2024-10-24T04:50:35Z" user="smont28" uid="4415167" lat="28.5295653" lon="83.8913190"/>
 <node id="1718429790" visible="true" version="2" changeset="76888939" timestamp="2019-11-11T06:44:49Z" user="Subash Tiwari" uid="6075635" lat="28.5302306" lon="83.8874256"/>
 <node id="1718429791" visible="true" version="3" changeset="158279677" timestamp="2024-10-24T04:50:35Z" user="smont28" uid="4415167" lat="28.5302592" lon="83.8866125"/>
 <node id="1718429792" visible="true" version="3" changeset="76888939" timestamp="2019-11-11T06:44:49Z" user="Subash Tiwari" uid="6075635" lat="28.5306866" lon="83.8848722"/>
 <node id="1747936286" visible="true" version="2" changeset="62004171" timestamp="2018-08-26T11:12:54Z" user="Yeti-17" uid="6969191" lat="28.4505503" lon="83.8489685"/>
 <node id="1945778659" visible="true" version="2" changeset="145939494" timestamp="2024-01-05T22:36:04Z" user="jean-ray2" uid="11285694" lat="28.4281701" lon="83.8222809"/>
 <node id="1945778664" visible="true" version="3" changeset="145939494" timestamp="2024-01-05T22:36:04Z" user="jean-ray2" uid="11285694" lat="28.4281701" lon="83.8218629"/>
 <node id="1945778690" visible="true" version="2" changeset="62003583" timestamp="2018-08-26T10:41:18Z" user="Yeti-17" uid="6969191" lat="28.4841067" lon="83.8880072"/>
 <node id="2291206868" visible="true" version="2" changeset="77106942" timestamp="2019-11-15T06:43:26Z" user="Subash Tiwari" uid="6075635" lat="28.4094352" lon="83.8239432"/>
 <node id="2291206871" visible="true" version="2" changeset="77106942" timestamp="2019-11-15T06:43:26Z" user="Subash Tiwari" uid="6075635" lat="28.4094897" lon="83.8238881"/>
 <node id="2291206881" visible="true" version="2" changeset="77106942" timestamp="2019-11-15T06:43:26Z" user="Subash Tiwari" uid="6075635" lat="28.4095695" lon="83.8238477"/>
 <node id="2291206890" visible="true" version="2" changeset="77106942" timestamp="2019-11-15T06:43:26Z" user="Subash Tiwari" uid="6075635" lat="28.4096007" lon="83.8238554"/>
 <node id="2291206898" visible="true" version="2" changeset="77106942" timestamp="2019-11-15T06:43:26Z" user="Subash Tiwari" uid="6075635" lat="28.4096977" lon="83.8239075"/>
 <node id="2291206907" visible="true" version="2" changeset="77106942" timestamp="2019-11-15T06:43:26Z" user="Subash Tiwari" uid="6075635" lat="28.4097871" lon="83.8240219"/>
 <node id="2291206917" visible="true" version="2" changeset="76891161" timestamp="2019-11-11T07:31:40Z" user="Subash Tiwari" uid="6075635" lat="28.4099926" lon="83.8237919"/>
 <node id="2291206922" visible="true" version="3" changeset="77106942" timestamp="2019-11-15T06:43:26Z" user="Subash Tiwari" uid="6075635" lat="28.4100123" lon="83.8239292"/>
 <node id="2291206925" visible="true" version="3" changeset="76942161" timestamp="2019-11-12T06:49:13Z" user="krschap" uid="7004124" lat="28.4100429" lon="83.8236833"/>
 <node id="2291206931" visible="true" version="2" changeset="76891161" timestamp="2019-11-11T07:31:40Z" user="Subash Tiwari" uid="6075635" lat="28.4102084" lon="83.8232430"/>
 <node id="2291206935" visible="true" version="3" changeset="76891161" timestamp="2019-11-11T07:31:40Z" user="Subash Tiwari" uid="6075635" lat="28.4105360" lon="83.8227580"/>
 <node id="2291206939" visible="true" version="3" changeset="76891161" timestamp="2019-11-11T07:31:40Z" user="Subash Tiwari" uid="6075635" lat="28.4110034" lon="83.8223546"/>
 <node id="2291206940" visible="true" version="3" changeset="76891161" timestamp="2019-11-11T07:31:40Z" user="Subash Tiwari" uid="6075635" lat="28.4110254" lon="83.8223290"/>
 <node id="2291206953" visible="true" version="3" changeset="76891161" timestamp="2019-11-11T07:31:40Z" user="Subash Tiwari" uid="6075635" lat="28.4116670" lon="83.8215145"/>
 <node id="2291206954" visible="true" version="3" changeset="76891161" timestamp="2019-11-11T07:31:40Z" user="Subash Tiwari" uid="6075635" lat="28.4116738" lon="83.8214349"/>
 <node id="2291206956" visible="true" version="3" changeset="76891161" timestamp="2019-11-11T07:31:40Z" user="Subash Tiwari" uid="6075635" lat="28.4117389" lon="83.8212623"/>
 <node id="2291206958" visible="true" version="3" changeset="76891161" timestamp="2019-11-11T07:31:40Z" user="Subash Tiwari" uid="6075635" lat="28.4118776" lon="83.8204741"/>
 <node id="2291206959" visible="true" version="3" changeset="76891161" timestamp="2019-11-11T07:31:40Z" user="Subash Tiwari" uid="6075635" lat="28.4117584" lon="83.8211450"/>
 <node id="2291206960" visible="true" version="3" changeset="76891161" timestamp="2019-11-11T07:31:40Z" user="Subash Tiwari" uid="6075635" lat="28.4119050" lon="83.8198850"/>
 <node id="2291206961" visible="true" version="3" changeset="76891161" timestamp="2019-11-11T07:31:40Z" user="Subash Tiwari" uid="6075635" lat="28.4119041" lon="83.8199211"/>
 <node id="2291206962" visible="true" version="3" changeset="76891161" timestamp="2019-11-11T07:31:40Z" user="Subash Tiwari" uid="6075635" lat="28.4118868" lon="83.8209023"/>
 <node id="2291206963" visible="true" version="3" changeset="76891161" timestamp="2019-11-11T07:31:40Z" user="Subash Tiwari" uid="6075635" lat="28.4119541" lon="83.8207114"/>
 <node id="2291206964" visible="true" version="3" changeset="76891161" timestamp="2019-11-11T07:31:40Z" user="Subash Tiwari" uid="6075635" lat="28.4119874" lon="83.8198777"/>
 <node id="2291206965" visible="true" version="3" changeset="76891161" timestamp="2019-11-11T07:31:40Z" user="Subash Tiwari" uid="6075635" lat="28.4120028" lon="83.8201651"/>
 <node id="2291206967" visible="true" version="3" changeset="76891161" timestamp="2019-11-11T07:31:40Z" user="Subash Tiwari" uid="6075635" lat="28.4120289" lon="83.8202588"/>
 <node id="2291206976" visible="true" version="3" changeset="76891161" timestamp="2019-11-11T07:31:40Z" user="Subash Tiwari" uid="6075635" lat="28.4119461" lon="83.8209719"/>
 <node id="2291206978" visible="true" version="3" changeset="76891161" timestamp="2019-11-11T07:31:40Z" user="Subash Tiwari" uid="6075635" lat="28.4121138" lon="83.8203145"/>
 <node id="2291206980" visible="true" version="3" changeset="76891161" timestamp="2019-11-11T07:31:40Z" user="Subash Tiwari" uid="6075635" lat="28.4120524" lon="83.8206975"/>
 <node id="2291206982" visible="true" version="3" changeset="76891161" timestamp="2019-11-11T07:31:40Z" user="Subash Tiwari" uid="6075635" lat="28.4120890" lon="83.8208308"/>
 <node id="2291206984" visible="true" version="3" changeset="76891161" timestamp="2019-11-11T07:31:40Z" user="Subash Tiwari" uid="6075635" lat="28.4121115" lon="83.8204095"/>
 <node id="2291206988" visible="true" version="3" changeset="76891161" timestamp="2019-11-11T07:31:40Z" user="Subash Tiwari" uid="6075635" lat="28.4121175" lon="83.8202113"/>
 <node id="2291206990" visible="true" version="4" changeset="76891161" timestamp="2019-11-11T07:31:40Z" user="Subash Tiwari" uid="6075635" lat="28.4121982" lon="83.8195692"/>
 <node id="2291206991" visible="true" version="5" changeset="76891161" timestamp="2019-11-11T07:31:40Z" user="Subash Tiwari" uid="6075635" lat="28.4122113" lon="83.8193722"/>
 <node id="2291206993" visible="true" version="2" changeset="76891161" timestamp="2019-11-11T07:31:40Z" user="Subash Tiwari" uid="6075635" lat="28.4121283" lon="83.8201025"/>
 <node id="2291206994" visible="true" version="4" changeset="76891161" timestamp="2019-11-11T07:31:40Z" user="Subash Tiwari" uid="6075635" lat="28.4122281" lon="83.8197208"/>
 <node id="2291207001" visible="true" version="4" changeset="76891161" timestamp="2019-11-11T07:31:40Z" user="Subash Tiwari" uid="6075635" lat="28.4125251" lon="83.8192445"/>
 <node id="2291207002" visible="true" version="3" changeset="76891161" timestamp="2019-11-11T07:31:40Z" user="Subash Tiwari" uid="6075635" lat="28.4126411" lon="83.8191634"/>
 <node id="2291207003" visible="true" version="3" changeset="76891161" timestamp="2019-11-11T07:31:40Z" user="Subash Tiwari" uid="6075635" lat="28.4126615" lon="83.8189222"/>
 <node id="2291207004" visible="true" version="3" changeset="76891161" timestamp="2019-11-11T07:31:40Z" user="Subash Tiwari" uid="6075635" lat="28.4128162" lon="83.8189261"/>
 <node id="2291207007" visible="true" version="3" changeset="76891161" timestamp="2019-11-11T07:31:40Z" user="Subash Tiwari" uid="6075635" lat="28.4130014" lon="83.8190419"/>
 <node id="2291207008" visible="true" version="3" changeset="76891161" timestamp="2019-11-11T07:31:40Z" user="Subash Tiwari" uid="6075635" lat="28.4131224" lon="83.8187680"/>
 <node id="2291207011" visible="true" version="3" changeset="76891161" timestamp="2019-11-11T07:31:40Z" user="Subash Tiwari" uid="6075635" lat="28.4132023" lon="83.8187947"/>
 <node id="2291207012" visible="true" version="3" changeset="76891161" timestamp="2019-11-11T07:31:40Z" user="Subash Tiwari" uid="6075635" lat="28.4132547" lon="83.8186787"/>
 <node id="2291207014" visible="true" version="3" changeset="76891161" timestamp="2019-11-11T07:31:40Z" user="Subash Tiwari" uid="6075635" lat="28.4132838" lon="83.8187618"/>
 <node id="2291207015" visible="true" version="2" changeset="76891161" timestamp="2019-11-11T07:31:40Z" user="Subash Tiwari" uid="6075635" lat="28.4134008" lon="83.8185506"/>
 <node id="2291207017" visible="true" version="3" changeset="76891161" timestamp="2019-11-11T07:31:40Z" user="Subash Tiwari" uid="6075635" lat="28.4135831" lon="83.8184049"/>
 <node id="2291207018" visible="true" version="3" changeset="76891161" timestamp="2019-11-11T07:31:40Z" user="Subash Tiwari" uid="6075635" lat="28.4136664" lon="83.8184644"/>
 <node id="2291207020" visible="true" version="3" changeset="76891161" timestamp="2019-11-11T07:31:40Z" user="Subash Tiwari" uid="6075635" lat="28.4137429" lon="83.8184044"/>
 <node id="2291207022" visible="true" version="3" changeset="76891161" timestamp="2019-11-11T07:31:40Z" user="Subash Tiwari" uid="6075635" lat="28.4138995" lon="83.8189382"/>
 <node id="2291207034" visible="true" version="3" changeset="43761335" timestamp="2016-11-18T10:47:16Z" user="kevin Prince" uid="4803512" lat="28.4142103" lon="83.8187484"/>
 <node id="2291207039" visible="true" version="1" changeset="15969772" timestamp="2013-05-04T10:57:24Z" user="Zhent" uid="181013" lat="28.4144361" lon="83.8188639"/>
 <node id="2291207048" visible="true" version="1" changeset="15969772" timestamp="2013-05-04T10:57:24Z" user="Zhent" uid="181013" lat="28.4148790" lon="83.8190024"/>
 <node id="2291207072" visible="true" version="1" changeset="15969772" timestamp="2013-05-04T10:57:25Z" user="Zhent" uid="181013" lat="28.4154182" lon="83.8191296"/>
 <node id="2291207120" visible="true" version="2" changeset="76942161" timestamp="2019-11-12T06:49:13Z" user="krschap" uid="7004124" lat="28.4160798" lon="83.8187798"/>
 <node id="2291207122" visible="true" version="1" changeset="15969772" timestamp="2013-05-04T10:57:26Z" user="Zhent" uid="181013" lat="28.4163415" lon="83.8184124"/>
 <node id="2291207123" visible="true" version="1" changeset="15969772" timestamp="2013-05-04T10:57:26Z" user="Zhent" uid="181013" lat="28.4166491" lon="83.8182999"/>
 <node id="2291207126" visible="true" version="2" changeset="145962367" timestamp="2024-01-06T15:57:05Z" user="jean-ray2" uid="11285694" lat="28.4168997" lon="83.8183249"/>
 <node id="2291207129" visible="true" version="1" changeset="15969772" timestamp="2013-05-04T10:57:26Z" user="Zhent" uid="181013" lat="28.4170777" lon="83.8184875"/>
 <node id="2291207138" visible="true" version="3" changeset="145962367" timestamp="2024-01-06T15:57:05Z" user="jean-ray2" uid="11285694" lat="28.4177724" lon="83.8187653"/>
 <node id="2291207160" visible="true" version="2" changeset="145939494" timestamp="2024-01-05T22:36:04Z" user="jean-ray2" uid="11285694" lat="28.4181875" lon="83.8182979"/>
 <node id="2291207165" visible="true" version="1" changeset="15969772" timestamp="2013-05-04T10:57:27Z" user="Zhent" uid="181013" lat="28.4184513" lon="83.8181825"/>
 <node id="2291207168" visible="true" version="2" changeset="145939494" timestamp="2024-01-05T22:36:04Z" user="jean-ray2" uid="11285694" lat="28.4185883" lon="83.8180945"/>
 <node id="2291207174" visible="true" version="2" changeset="145939494" timestamp="2024-01-05T22:36:04Z" user="jean-ray2" uid="11285694" lat="28.4186567" lon="83.8180619"/>
 <node id="2291207191" visible="true" version="3" changeset="145962367" timestamp="2024-01-06T15:57:05Z" user="jean-ray2" uid="11285694" lat="28.4189253" lon="83.8178830"/>
 <node id="2291207196" visible="true" version="2" changeset="145962367" timestamp="2024-01-06T15:57:05Z" user="jean-ray2" uid="11285694" lat="28.4190183" lon="83.8179124"/>
 <node id="2291207222" visible="true" version="2" changeset="76993166" timestamp="2019-11-13T06:31:11Z" user="Subash Tiwari" uid="6075635" lat="28.4195041" lon="83.8176513"/>
 <node id="2291207225" visible="true" version="2" changeset="76993166" timestamp="2019-11-13T06:31:11Z" user="Subash Tiwari" uid="6075635" lat="28.4195983" lon="83.8176580"/>
 <node id="2291207244" visible="true" version="2" changeset="76993166" timestamp="2019-11-13T06:31:11Z" user="Subash Tiwari" uid="6075635" lat="28.4203391" lon="83.8175791"/>
 <node id="3044866179" visible="true" version="2" changeset="43909870" timestamp="2016-11-24T03:32:44Z" user="Shaun Austin" uid="4803525" lat="28.4241628" lon="83.8181253"/>
 <node id="3066522257" visible="true" version="1" changeset="25305620" timestamp="2014-09-08T11:39:41Z" user="JackAurel" uid="1908095" lat="28.4143537" lon="83.8188101"/>
 <node id="3421767417" visible="true" version="1" changeset="29781017" timestamp="2015-03-27T16:03:02Z" user="chrischan" uid="22060" lat="28.4233813" lon="83.8176670"/>
 <node id="3421767418" visible="true" version="1" changeset="29781017" timestamp="2015-03-27T16:03:02Z" user="chrischan" uid="22060" lat="28.4234921" lon="83.8177608"/>
 <node id="3421767419" visible="true" version="2" changeset="145939494" timestamp="2024-01-05T22:36:04Z" user="jean-ray2" uid="11285694" lat="28.4235893" lon="83.8179114"/>
 <node id="3421767420" visible="true" version="1" changeset="29781017" timestamp="2015-03-27T16:03:02Z" user="chrischan" uid="22060" lat="28.4235782" lon="83.8178064"/>
 <node id="3421767425" visible="true" version="2" changeset="43835315" timestamp="2016-11-21T00:56:38Z" user="Stella Lee" uid="4803484" lat="28.4246406" lon="83.8184102"/>
 <node id="3421767426" visible="true" version="2" changeset="43835315" timestamp="2016-11-21T00:56:38Z" user="Stella Lee" uid="4803484" lat="28.4248522" lon="83.8186868"/>
 <node id="3421767427" visible="true" version="3" changeset="145962367" timestamp="2024-01-06T15:57:05Z" user="jean-ray2" uid="11285694" lat="28.4249929" lon="83.8186066"/>
 <node id="3421767434" visible="true" version="2" changeset="145962367" timestamp="2024-01-06T15:57:05Z" user="jean-ray2" uid="11285694" lat="28.4263185" lon="83.8192564"/>
 <node id="3421767439" visible="true" version="3" changeset="145939494" timestamp="2024-01-05T22:36:04Z" user="jean-ray2" uid="11285694" lat="28.4271801" lon="83.8201619"/>
 <node id="3421767440" visible="true" version="4" changeset="145962367" timestamp="2024-01-06T15:57:05Z" user="jean-ray2" uid="11285694" lat="28.4268373" lon="83.8198371"/>
 <node id="3421767441" visible="true" version="2" changeset="62004171" timestamp="2018-08-26T11:12:55Z" user="Yeti-17" uid="6969191" lat="28.4273714" lon="83.8204170"/>
 <node id="3421767442" visible="true" version="1" changeset="29781017" timestamp="2015-03-27T16:03:02Z" user="chrischan" uid="22060" lat="28.4274421" lon="83.8206128"/>
 <node id="3421767443" visible="true" version="1" changeset="29781017" timestamp="2015-03-27T16:03:02Z" user="chrischan" uid="22060" lat="28.4274067" lon="83.8207979"/>
 <node id="3421767444" visible="true" version="2" changeset="61861384" timestamp="2018-08-21T16:10:44Z" user="Yeti-17" uid="6969191" lat="28.4277228" lon="83.8210124"/>
 <node id="3421767445" visible="true" version="3" changeset="145939494" timestamp="2024-01-05T22:36:04Z" user="jean-ray2" uid="11285694" lat="28.4282460" lon="83.8218239"/>
 <node id="3421767446" visible="true" version="2" changeset="145939494" timestamp="2024-01-05T22:36:04Z" user="jean-ray2" uid="11285694" lat="28.4282045" lon="83.8220526"/>
 <node id="3421767451" visible="true" version="1" changeset="29781017" timestamp="2015-03-27T16:03:02Z" user="chrischan" uid="22060" lat="28.4282807" lon="83.8224040"/>
 <node id="3421767452" visible="true" version="2" changeset="145939494" timestamp="2024-01-05T22:36:04Z" user="jean-ray2" uid="11285694" lat="28.4283229" lon="83.8225440"/>
 <node id="3421767453" visible="true" version="1" changeset="29781017" timestamp="2015-03-27T16:03:02Z" user="chrischan" uid="22060" lat="28.4283069" lon="83.8224707"/>
 <node id="3421767454" visible="true" version="1" changeset="29781017" timestamp="2015-03-27T16:03:02Z" user="chrischan" uid="22060" lat="28.4283781" lon="83.8226610"/>
 <node id="3421767467" visible="true" version="2" changeset="76890375" timestamp="2019-11-11T07:17:49Z" user="Subash Tiwari" uid="6075635" lat="28.4281572" lon="83.8297154"/>
 <node id="3421767476" visible="true" version="2" changeset="62004171" timestamp="2018-08-26T11:12:55Z" user="Yeti-17" uid="6969191" lat="28.4281260" lon="83.8301743"/>
 <node id="3421767477" visible="true" version="2" changeset="76890375" timestamp="2019-11-11T07:17:49Z" user="Subash Tiwari" uid="6075635" lat="28.4280579" lon="83.8298306"/>
 <node id="3491129353" visible="true" version="3" changeset="76891161" timestamp="2019-11-11T07:31:40Z" user="Subash Tiwari" uid="6075635" lat="28.4116527" lon="83.8213962"/>
 <node id="3565961585" visible="true" version="2" changeset="145962367" timestamp="2024-01-06T15:57:05Z" user="jean-ray2" uid="11285694" lat="28.4574946" lon="83.8569676"/>
 <node id="3565974520" visible="true" version="2" changeset="145962367" timestamp="2024-01-06T15:57:05Z" user="jean-ray2" uid="11285694" lat="28.4565085" lon="83.8566092"/>
 <node id="3565974521" visible="true" version="1" changeset="31661711" timestamp="2015-06-02T12:00:22Z" user="chrischan" uid="22060" lat="28.4566199" lon="83.8565626"/>
 <node id="3565974522" visible="true" version="2" changeset="145962367" timestamp="2024-01-06T15:57:05Z" user="jean-ray2" uid="11285694" lat="28.4567032" lon="83.8566335"/>
 <node id="3565974523" visible="true" version="1" changeset="31661711" timestamp="2015-06-02T12:00:22Z" user="chrischan" uid="22060" lat="28.4565743" lon="83.8565681"/>
 <node id="3565974524" visible="true" version="2" changeset="145962367" timestamp="2024-01-06T15:57:05Z" user="jean-ray2" uid="11285694" lat="28.4566818" lon="83.8566845"/>
 <node id="3565974525" visible="true" version="2" changeset="145962367" timestamp="2024-01-06T15:57:05Z" user="jean-ray2" uid="11285694" lat="28.4569116" lon="83.8567432"/>
 <node id="3565974526" visible="true" version="2" changeset="145962367" timestamp="2024-01-06T15:57:05Z" user="jean-ray2" uid="11285694" lat="28.4569442" lon="83.8567845"/>
 <node id="3565974528" visible="true" version="2" changeset="145962367" timestamp="2024-01-06T15:57:05Z" user="jean-ray2" uid="11285694" lat="28.4573432" lon="83.8569022"/>
 <node id="3565974529" visible="true" version="2" changeset="145962367" timestamp="2024-01-06T15:57:05Z" user="jean-ray2" uid="11285694" lat="28.4572987" lon="83.8568684"/>
 <node id="3565974531" visible="true" version="3" changeset="145949660" timestamp="2024-01-06T09:40:10Z" user="jean-ray2" uid="11285694" lat="28.4575677" lon="83.8570217"/>
 <node id="3565974554" visible="true" version="2" changeset="145951450" timestamp="2024-01-06T10:39:44Z" user="jean-ray2" uid="11285694" lat="28.4701059" lon="83.8703954"/>
 <node id="3565974555" visible="true" version="2" changeset="145951450" timestamp="2024-01-06T10:39:44Z" user="jean-ray2" uid="11285694" lat="28.4700730" lon="83.8703347"/>
 <node id="3565974556" visible="true" version="1" changeset="31661711" timestamp="2015-06-02T12:00:22Z" user="chrischan" uid="22060" lat="28.4697462" lon="83.8696048"/>
 <node id="3565974557" visible="true" version="1" changeset="31661711" timestamp="2015-06-02T12:00:22Z" user="chrischan" uid="22060" lat="28.4697078" lon="83.8694284"/>
 <node id="4267522371" visible="true" version="1" changeset="40312194" timestamp="2016-06-27T03:19:04Z" user="DB Purja" uid="4066513" lat="28.4238881" lon="83.8179798"/>
 <node id="4492732289" visible="true" version="3" changeset="158279677" timestamp="2024-10-24T04:50:35Z" user="smont28" uid="4415167" lat="28.4971656" lon="83.8977184"/>
 <node id="4492732290" visible="true" version="2" changeset="158279677" timestamp="2024-10-24T04:50:35Z" user="smont28" uid="4415167" lat="28.4972030" lon="83.8978409"/>
 <node id="4492732291" visible="true" version="1" changeset="43539291" timestamp="2016-11-10T16:29:09Z" user="Shaun Austin" uid="4803525" lat="28.4974803" lon="83.8985255"/>
 <node id="4492732292" visible="true" version="3" changeset="145951450" timestamp="2024-01-06T10:39:44Z" user="jean-ray2" uid="11285694" lat="28.4975985" lon="83.8985835"/>
 <node id="4492732293" visible="true" version="3" changeset="145951450" timestamp="2024-01-06T10:39:44Z" user="jean-ray2" uid="11285694" lat="28.4976689" lon="83.8987105"/>
 <node id="4492732296" visible="true" version="3" changeset="145951450" timestamp="2024-01-06T10:39:44Z" user="jean-ray2" uid="11285694" lat="28.4978544" lon="83.8987574"/>
 <node id="4492732297" visible="true" version="2" changeset="62003583" timestamp="2018-08-26T10:41:20Z" user="Yeti-17" uid="6969191" lat="28.4979549" lon="83.8988271"/>
 <node id="4492732298" visible="true" version="3" changeset="62003583" timestamp="2018-08-26T10:41:20Z" user="Yeti-17" uid="6969191" lat="28.4980188" lon="83.8989822"/>
 <node id="4492732299" visible="true" version="2" changeset="158279677" timestamp="2024-10-24T04:50:35Z" user="smont28" uid="4415167" lat="28.4973594" lon="83.8984858"/>
 <node id="4492732304" visible="true" version="2" changeset="158279677" timestamp="2024-10-24T04:50:35Z" user="smont28" uid="4415167" lat="28.4972180" lon="83.8979774"/>
 <node id="4492732305" visible="true" version="2" changeset="158279677" timestamp="2024-10-24T04:50:35Z" user="smont28" uid="4415167" lat="28.4972490" lon="83.8980674"/>
 <node id="4492732306" visible="true" version="2" changeset="76904982" timestamp="2019-11-11T11:42:28Z" user="krschap" uid="7004124" lat="28.4972905" lon="83.8981166"/>
 <node id="4492732307" visible="true" version="2" changeset="76904982" timestamp="2019-11-11T11:42:28Z" user="krschap" uid="7004124" lat="28.4973235" lon="83.8981928"/>
 <node id="4492732308" visible="true" version="2" changeset="158279677" timestamp="2024-10-24T04:50:35Z" user="smont28" uid="4415167" lat="28.4973733" lon="83.8982515"/>
 <node id="4508240132" visible="true" version="2" changeset="43761335" timestamp="2016-11-18T10:47:16Z" user="kevin Prince" uid="4803512" lat="28.4142910" lon="83.8187940"/>
 <node id="4512948182" visible="true" version="2" changeset="145962367" timestamp="2024-01-06T15:57:05Z" user="jean-ray2" uid="11285694" lat="28.4251041" lon="83.8187492"/>
 <node id="4512948183" visible="true" version="2" changeset="145939494" timestamp="2024-01-05T22:36:04Z" user="jean-ray2" uid="11285694" lat="28.4260834" lon="83.8191691"/>
 <node id="4512948184" visible="true" version="2" changeset="145939494" timestamp="2024-01-05T22:36:04Z" user="jean-ray2" uid="11285694" lat="28.4259233" lon="83.8190426"/>
 <node id="4512948185" visible="true" version="2" changeset="76942161" timestamp="2019-11-12T06:49:13Z" user="krschap" uid="7004124" lat="28.4257288" lon="83.8191721"/>
 <node id="4513049312" visible="true" version="2" changeset="62003583" timestamp="2018-08-26T10:41:20Z" user="Yeti-17" uid="6969191" lat="28.4850140" lon="83.8887754"/>
 <node id="4513049314" visible="true" version="1" changeset="43836974" timestamp="2016-11-21T03:49:09Z" user="kevin Prince" uid="4803512" lat="28.4846328" lon="83.8886031"/>
 <node id="4513049317" visible="true" version="1" changeset="43836974" timestamp="2016-11-21T03:49:09Z" user="kevin Prince" uid="4803512" lat="28.4848768" lon="83.8887742"/>
 <node id="4513349983" visible="true" version="3" changeset="145939494" timestamp="2024-01-05T22:36:04Z" user="jean-ray2" uid="11285694" lat="28.4289511" lon="83.8266421"/>
 <node id="4513349984" visible="true" version="3" changeset="145939494" timestamp="2024-01-05T22:36:04Z" user="jean-ray2" uid="11285694" lat="28.4290259" lon="83.8268345"/>
 <node id="4514952443" visible="true" version="1" changeset="43864323" timestamp="2016-11-22T07:57:24Z" user="kevin Prince" uid="4803512" lat="28.4282471" lon="83.8263144"/>
 <node id="4514952444" visible="true" version="1" changeset="43864323" timestamp="2016-11-22T07:57:24Z" user="kevin Prince" uid="4803512" lat="28.4282586" lon="83.8260242"/>
 <node id="4514952445" visible="true" version="1" changeset="43864323" timestamp="2016-11-22T07:57:24Z" user="kevin Prince" uid="4803512" lat="28.4282349" lon="83.8262268"/>
 <node id="4514952446" visible="true" version="1" changeset="43864323" timestamp="2016-11-22T07:57:24Z" user="kevin Prince" uid="4803512" lat="28.4282069" lon="83.8259251"/>
 <node id="4514952447" visible="true" version="1" changeset="43864323" timestamp="2016-11-22T07:57:24Z" user="kevin Prince" uid="4803512" lat="28.4281779" lon="83.8258626"/>
 <node id="4514952448" visible="true" version="1" changeset="43864323" timestamp="2016-11-22T07:57:24Z" user="kevin Prince" uid="4803512" lat="28.4281816" lon="83.8257908"/>
 <node id="4514952449" visible="true" version="2" changeset="145939494" timestamp="2024-01-05T22:36:04Z" user="jean-ray2" uid="11285694" lat="28.4281764" lon="83.8257132"/>
 <node id="4514952450" visible="true" version="2" changeset="62004171" timestamp="2018-08-26T11:12:55Z" user="Yeti-17" uid="6969191" lat="28.4282650" lon="83.8263548"/>
 <node id="5177632722" visible="true" version="3" changeset="167719681" timestamp="2025-06-17T03:49:49Z" user="BaboucheVerte" uid="6296343" lat="28.5158806" lon="83.9070618"/>
 <node id="5375601178" visible="true" version="3" changeset="76889595" timestamp="2019-11-11T06:59:57Z" user="Subash Tiwari" uid="6075635" lat="28.5308115" lon="83.8777275"/>
 <node id="5375601205" visible="true" version="3" changeset="76889595" timestamp="2019-11-11T06:59:57Z" user="Subash Tiwari" uid="6075635" lat="28.5307546" lon="83.8778217"/>
 <node id="5375601206" visible="true" version="2" changeset="62003583" timestamp="2018-08-26T10:41:21Z" user="Yeti-17" uid="6969191" lat="28.5306904" lon="83.8779960"/>
 <node id="5375601207" visible="true" version="3" changeset="76889595" timestamp="2019-11-11T06:59:57Z" user="Subash Tiwari" uid="6075635" lat="28.5306461" lon="83.8782589"/>
 <node id="5375601208" visible="true" version="3" changeset="76889595" timestamp="2019-11-11T06:59:57Z" user="Subash Tiwari" uid="6075635" lat="28.5306344" lon="83.8782958"/>
 <node id="5375601209" visible="true" version="2" changeset="62003583" timestamp="2018-08-26T10:41:21Z" user="Yeti-17" uid="6969191" lat="28.5305961" lon="83.8782944"/>
 <node id="5375601210" visible="true" version="2" changeset="62003583" timestamp="2018-08-26T10:41:21Z" user="Yeti-17" uid="6969191" lat="28.5305778" lon="83.8783186"/>
 <node id="5375601211" visible="true" version="2" changeset="62003583" timestamp="2018-08-26T10:41:21Z" user="Yeti-17" uid="6969191" lat="28.5305637" lon="83.8783649"/>
 <node id="5375601212" visible="true" version="4" changeset="158279677" timestamp="2024-10-24T04:50:35Z" user="smont28" uid="4415167" lat="28.5305607" lon="83.8783990"/>
 <node id="5375601213" visible="true" version="3" changeset="158279677" timestamp="2024-10-24T04:50:35Z" user="smont28" uid="4415167" lat="28.5305731" lon="83.8784722"/>
 <node id="5375601214" visible="true" version="3" changeset="158279677" timestamp="2024-10-24T04:50:35Z" user="smont28" uid="4415167" lat="28.5306226" lon="83.8785552"/>
 <node id="5375601215" visible="true" version="4" changeset="174820109" timestamp="2025-11-18T15:04:43Z" user="rheins" uid="2996489" lat="28.5306873" lon="83.8787150"/>
 <node id="5375601216" visible="true" version="4" changeset="174820109" timestamp="2025-11-18T15:04:43Z" user="rheins" uid="2996489" lat="28.5307476" lon="83.8788088"/>
 <node id="5375601217" visible="true" version="5" changeset="174820109" timestamp="2025-11-18T15:04:43Z" user="rheins" uid="2996489" lat="28.5307905" lon="83.8789519"/>
 <node id="5375601218" visible="true" version="5" changeset="174820109" timestamp="2025-11-18T15:04:43Z" user="rheins" uid="2996489" lat="28.5307986" lon="83.8791153"/>
 <node id="5375601219" visible="true" version="5" changeset="174820109" timestamp="2025-11-18T15:04:43Z" user="rheins" uid="2996489" lat="28.5308353" lon="83.8792411"/>
 <node id="5375601324" visible="true" version="5" changeset="174820109" timestamp="2025-11-18T15:04:43Z" user="rheins" uid="2996489" lat="28.5310168" lon="83.8801105"/>
 <node id="5375601325" visible="true" version="4" changeset="158279677" timestamp="2024-10-24T04:50:35Z" user="smont28" uid="4415167" lat="28.5310315" lon="83.8805313"/>
 <node id="5375601326" visible="true" version="4" changeset="158279677" timestamp="2024-10-24T04:50:35Z" user="smont28" uid="4415167" lat="28.5309331" lon="83.8809971"/>
 <node id="5375601327" visible="true" version="4" changeset="158279677" timestamp="2024-10-24T04:50:35Z" user="smont28" uid="4415167" lat="28.5309421" lon="83.8810984"/>
 <node id="5375601328" visible="true" version="3" changeset="158279677" timestamp="2024-10-24T04:50:35Z" user="smont28" uid="4415167" lat="28.5310308" lon="83.8814791"/>
 <node id="5846566971" visible="true" version="1" changeset="61861384" timestamp="2018-08-21T16:10:43Z" user="Yeti-17" uid="6969191" lat="28.4282720" lon="83.8244525"/>
 <node id="5846566972" visible="true" version="1" changeset="61861384" timestamp="2018-08-21T16:10:43Z" user="Yeti-17" uid="6969191" lat="28.4284018" lon="83.8243210"/>
 <node id="5846566973" visible="true" version="1" changeset="61861384" timestamp="2018-08-21T16:10:43Z" user="Yeti-17" uid="6969191" lat="28.4284607" lon="83.8242298"/>
 <node id="5846566974" visible="true" version="1" changeset="61861384" timestamp="2018-08-21T16:10:43Z" user="Yeti-17" uid="6969191" lat="28.4284159" lon="83.8239187"/>
 <node id="5846566975" visible="true" version="1" changeset="61861384" timestamp="2018-08-21T16:10:43Z" user="Yeti-17" uid="6969191" lat="28.4283593" lon="83.8239080"/>
 <node id="5846566976" visible="true" version="1" changeset="61861384" timestamp="2018-08-21T16:10:43Z" user="Yeti-17" uid="6969191" lat="28.4283216" lon="83.8239482"/>
 <node id="5846566977" visible="true" version="2" changeset="145962367" timestamp="2024-01-06T15:57:05Z" user="jean-ray2" uid="11285694" lat="28.4282858" lon="83.8237787"/>
 <node id="5846566978" visible="true" version="2" changeset="145962367" timestamp="2024-01-06T15:57:05Z" user="jean-ray2" uid="11285694" lat="28.4282684" lon="83.8237488"/>
 <node id="5846566979" visible="true" version="1" changeset="61861384" timestamp="2018-08-21T16:10:43Z" user="Yeti-17" uid="6969191" lat="28.4282626" lon="83.8236424"/>
 <node id="5846566980" visible="true" version="1" changeset="61861384" timestamp="2018-08-21T16:10:43Z" user="Yeti-17" uid="6969191" lat="28.4282225" lon="83.8235673"/>
 <node id="5846566981" visible="true" version="1" changeset="61861384" timestamp="2018-08-21T16:10:43Z" user="Yeti-17" uid="6969191" lat="28.4281517" lon="83.8234895"/>
 <node id="5846566982" visible="true" version="1" changeset="61861384" timestamp="2018-08-21T16:10:43Z" user="Yeti-17" uid="6969191" lat="28.4281824" lon="83.8234386"/>
 <node id="5846566983" visible="true" version="1" changeset="61861384" timestamp="2018-08-21T16:10:43Z" user="Yeti-17" uid="6969191" lat="28.4281541" lon="83.8233930"/>
 <node id="5846566984" visible="true" version="1" changeset="61861384" timestamp="2018-08-21T16:10:43Z" user="Yeti-17" uid="6969191" lat="28.4281848" lon="83.8233393"/>
 <node id="5846569785" visible="true" version="1" changeset="61861384" timestamp="2018-08-21T16:10:43Z" user="Yeti-17" uid="6969191" lat="28.4281588" lon="83.8232455"/>
 <node id="5846569786" visible="true" version="2" changeset="145939494" timestamp="2024-01-05T22:36:04Z" user="jean-ray2" uid="11285694" lat="28.4277742" lon="83.8210626"/>
 <node id="5846569787" visible="true" version="1" changeset="61861384" timestamp="2018-08-21T16:10:43Z" user="Yeti-17" uid="6969191" lat="28.4277531" lon="83.8211077"/>
 <node id="5846569788" visible="true" version="3" changeset="145939494" timestamp="2024-01-05T22:36:04Z" user="jean-ray2" uid="11285694" lat="28.4276502" lon="83.8210260"/>
 <node id="5846569789" visible="true" version="2" changeset="145939494" timestamp="2024-01-05T22:36:04Z" user="jean-ray2" uid="11285694" lat="28.4275927" lon="83.8209369"/>
 <node id="5858783138" visible="true" version="2" changeset="158279344" timestamp="2024-10-24T04:30:20Z" user="smont28" uid="4415167" lat="28.4763668" lon="83.8791039"/>
 <node id="5858783139" visible="true" version="2" changeset="158279279" timestamp="2024-10-24T04:26:47Z" user="smont28" uid="4415167" lat="28.4768837" lon="83.8799714"/>
 <node id="5858783140" visible="true" version="2" changeset="158279279" timestamp="2024-10-24T04:26:47Z" user="smont28" uid="4415167" lat="28.4772664" lon="83.8806797"/>
 <node id="5858783141" visible="true" version="1" changeset="62003583" timestamp="2018-08-26T10:41:09Z" user="Yeti-17" uid="6969191" lat="28.4775565" lon="83.8816720"/>
 <node id="5858783142" visible="true" version="2" changeset="158279279" timestamp="2024-10-24T04:26:47Z" user="smont28" uid="4415167" lat="28.4780398" lon="83.8833377"/>
 <node id="5858783150" visible="true" version="3" changeset="145949660" timestamp="2024-01-06T09:40:10Z" user="jean-ray2" uid="11285694" lat="28.4798045" lon="83.8848759"/>
 <node id="5858783151" visible="true" version="3" changeset="145949660" timestamp="2024-01-06T09:40:10Z" user="jean-ray2" uid="11285694" lat="28.4796679" lon="83.8848705"/>
 <node id="5858783152" visible="true" version="2" changeset="145949660" timestamp="2024-01-06T09:40:10Z" user="jean-ray2" uid="11285694" lat="28.4795723" lon="83.8848987"/>
 <node id="5858783155" visible="true" version="3" changeset="145949660" timestamp="2024-01-06T09:40:10Z" user="jean-ray2" uid="11285694" lat="28.4799130" lon="83.8850355"/>
 <node id="5858783156" visible="true" version="3" changeset="145949660" timestamp="2024-01-06T09:40:10Z" user="jean-ray2" uid="11285694" lat="28.4800250" lon="83.8851656"/>
 <node id="5858783157" visible="true" version="3" changeset="145949660" timestamp="2024-01-06T09:40:10Z" user="jean-ray2" uid="11285694" lat="28.4801723" lon="83.8854472"/>
 <node id="5858783158" visible="true" version="2" changeset="145949660" timestamp="2024-01-06T09:40:10Z" user="jean-ray2" uid="11285694" lat="28.4805719" lon="83.8855626"/>
 <node id="5858783159" visible="true" version="1" changeset="62003583" timestamp="2018-08-26T10:41:09Z" user="Yeti-17" uid="6969191" lat="28.4806545" lon="83.8856578"/>
 <node id="5858783160" visible="true" version="1" changeset="62003583" timestamp="2018-08-26T10:41:09Z" user="Yeti-17" uid="6969191" lat="28.4807676" lon="83.8856739"/>
 <node id="5858783161" visible="true" version="1" changeset="62003583" timestamp="2018-08-26T10:41:09Z" user="Yeti-17" uid="6969191" lat="28.4808996" lon="83.8856578"/>
 <node id="5858783162" visible="true" version="1" changeset="62003583" timestamp="2018-08-26T10:41:09Z" user="Yeti-17" uid="6969191" lat="28.4809468" lon="83.8855666"/>
 <node id="5858783163" visible="true" version="1" changeset="62003583" timestamp="2018-08-26T10:41:09Z" user="Yeti-17" uid="6969191" lat="28.4809468" lon="83.8854808"/>
 <node id="5858783164" visible="true" version="2" changeset="145949660" timestamp="2024-01-06T09:40:10Z" user="jean-ray2" uid="11285694" lat="28.4808914" lon="83.8853561"/>
 <node id="5858783165" visible="true" version="2" changeset="145949660" timestamp="2024-01-06T09:40:10Z" user="jean-ray2" uid="11285694" lat="28.4808336" lon="83.8852300"/>
 <node id="5858783166" visible="true" version="1" changeset="62003583" timestamp="2018-08-26T10:41:09Z" user="Yeti-17" uid="6969191" lat="28.4809940" lon="83.8852447"/>
 <node id="5858783167" visible="true" version="1" changeset="62003583" timestamp="2018-08-26T10:41:09Z" user="Yeti-17" uid="6969191" lat="28.4811920" lon="83.8852608"/>
 <node id="5858783168" visible="true" version="1" changeset="62003583" timestamp="2018-08-26T10:41:09Z" user="Yeti-17" uid="6969191" lat="28.4815032" lon="83.8852179"/>
 <node id="5858783169" visible="true" version="1" changeset="62003583" timestamp="2018-08-26T10:41:09Z" user="Yeti-17" uid="6969191" lat="28.4815551" lon="83.8853949"/>
 <node id="5858783170" visible="true" version="1" changeset="62003583" timestamp="2018-08-26T10:41:09Z" user="Yeti-17" uid="6969191" lat="28.4815456" lon="83.8855934"/>
 <node id="5858783171" visible="true" version="1" changeset="62003583" timestamp="2018-08-26T10:41:09Z" user="Yeti-17" uid="6969191" lat="28.4816022" lon="83.8857651"/>
 <node id="5858783172" visible="true" version="2" changeset="145949660" timestamp="2024-01-06T09:40:10Z" user="jean-ray2" uid="11285694" lat="28.4816894" lon="83.8858402"/>
 <node id="5858783173" visible="true" version="2" changeset="76904982" timestamp="2019-11-11T11:42:28Z" user="krschap" uid="7004124" lat="28.4819440" lon="83.8856873"/>
 <node id="5858783174" visible="true" version="2" changeset="76904982" timestamp="2019-11-11T11:42:28Z" user="krschap" uid="7004124" lat="28.4821327" lon="83.8859421"/>
 <node id="5858783175" visible="true" version="2" changeset="76904982" timestamp="2019-11-11T11:42:28Z" user="krschap" uid="7004124" lat="28.4824533" lon="83.8862345"/>
 <node id="5858783176" visible="true" version="1" changeset="62003583" timestamp="2018-08-26T10:41:09Z" user="Yeti-17" uid="6969191" lat="28.4824533" lon="83.8863525"/>
 <node id="5858783177" visible="true" version="1" changeset="62003583" timestamp="2018-08-26T10:41:09Z" user="Yeti-17" uid="6969191" lat="28.4824509" lon="83.8864839"/>
 <node id="5858783178" visible="true" version="1" changeset="62003583" timestamp="2018-08-26T10:41:09Z" user="Yeti-17" uid="6969191" lat="28.4825028" lon="83.8865134"/>
 <node id="5858783179" visible="true" version="1" changeset="62003583" timestamp="2018-08-26T10:41:09Z" user="Yeti-17" uid="6969191" lat="28.4825665" lon="83.8864678"/>
 <node id="5858783180" visible="true" version="1" changeset="62003583" timestamp="2018-08-26T10:41:09Z" user="Yeti-17" uid="6969191" lat="28.4826678" lon="83.8864678"/>
 <node id="5858783181" visible="true" version="1" changeset="62003583" timestamp="2018-08-26T10:41:09Z" user="Yeti-17" uid="6969191" lat="28.4828116" lon="83.8864920"/>
 <node id="5858783182" visible="true" version="1" changeset="62003583" timestamp="2018-08-26T10:41:09Z" user="Yeti-17" uid="6969191" lat="28.4829955" lon="83.8865858"/>
 <node id="5858783183" visible="true" version="1" changeset="62003583" timestamp="2018-08-26T10:41:09Z" user="Yeti-17" uid="6969191" lat="28.4833657" lon="83.8868380"/>
 <node id="5858783184" visible="true" version="1" changeset="62003583" timestamp="2018-08-26T10:41:09Z" user="Yeti-17" uid="6969191" lat="28.4834458" lon="83.8869828"/>
 <node id="5858783785" visible="true" version="1" changeset="62003583" timestamp="2018-08-26T10:41:09Z" user="Yeti-17" uid="6969191" lat="28.4835496" lon="83.8871920"/>
 <node id="5858783786" visible="true" version="1" changeset="62003583" timestamp="2018-08-26T10:41:09Z" user="Yeti-17" uid="6969191" lat="28.4836674" lon="83.8873154"/>
 <node id="5858783787" visible="true" version="1" changeset="62003583" timestamp="2018-08-26T10:41:09Z" user="Yeti-17" uid="6969191" lat="28.4837476" lon="83.8873261"/>
 <node id="5858783788" visible="true" version="1" changeset="62003583" timestamp="2018-08-26T10:41:10Z" user="Yeti-17" uid="6969191" lat="28.4838230" lon="83.8875031"/>
 <node id="5858783789" visible="true" version="1" changeset="62003583" timestamp="2018-08-26T10:41:10Z" user="Yeti-17" uid="6969191" lat="28.4840493" lon="83.8878062"/>
 <node id="5858783790" visible="true" version="1" changeset="62003583" timestamp="2018-08-26T10:41:10Z" user="Yeti-17" uid="6969191" lat="28.4840376" lon="83.8879296"/>
 <node id="5858783791" visible="true" version="1" changeset="62003583" timestamp="2018-08-26T10:41:10Z" user="Yeti-17" uid="6969191" lat="28.4842191" lon="83.8881710"/>
 <node id="5858783792" visible="true" version="1" changeset="62003583" timestamp="2018-08-26T10:41:10Z" user="Yeti-17" uid="6969191" lat="28.4842922" lon="83.8882327"/>
 <node id="5858783793" visible="true" version="1" changeset="62003583" timestamp="2018-08-26T10:41:10Z" user="Yeti-17" uid="6969191" lat="28.4843983" lon="83.8883507"/>
 <node id="5858783803" visible="true" version="1" changeset="62003583" timestamp="2018-08-26T10:41:10Z" user="Yeti-17" uid="6969191" lat="28.4851244" lon="83.8887879"/>
 <node id="5858783804" visible="true" version="2" changeset="158279677" timestamp="2024-10-24T04:50:35Z" user="smont28" uid="4415167" lat="28.4852014" lon="83.8888397"/>
 <node id="5858783805" visible="true" version="2" changeset="158279677" timestamp="2024-10-24T04:50:35Z" user="smont28" uid="4415167" lat="28.4852910" lon="83.8889164"/>
 <node id="5858783806" visible="true" version="2" changeset="158279677" timestamp="2024-10-24T04:50:35Z" user="smont28" uid="4415167" lat="28.4854515" lon="83.8889544"/>
 <node id="5858783807" visible="true" version="2" changeset="158279677" timestamp="2024-10-24T04:50:35Z" user="smont28" uid="4415167" lat="28.4856582" lon="83.8890402"/>
 <node id="5858783808" visible="true" version="2" changeset="158279677" timestamp="2024-10-24T04:50:35Z" user="smont28" uid="4415167" lat="28.4857669" lon="83.8890565"/>
 <node id="5858783809" visible="true" version="2" changeset="158279677" timestamp="2024-10-24T04:50:35Z" user="smont28" uid="4415167" lat="28.4858456" lon="83.8890362"/>
 <node id="5858783810" visible="true" version="2" changeset="158279677" timestamp="2024-10-24T04:50:35Z" user="smont28" uid="4415167" lat="28.4859196" lon="83.8890393"/>
 <node id="5858783811" visible="true" version="2" changeset="158279677" timestamp="2024-10-24T04:50:35Z" user="smont28" uid="4415167" lat="28.4861209" lon="83.8892388"/>
 <node id="5858783812" visible="true" version="2" changeset="158279677" timestamp="2024-10-24T04:50:35Z" user="smont28" uid="4415167" lat="28.4862362" lon="83.8893026"/>
 <node id="5858783813" visible="true" version="1" changeset="62003583" timestamp="2018-08-26T10:41:10Z" user="Yeti-17" uid="6969191" lat="28.4863220" lon="83.8893217"/>
 <node id="5858783814" visible="true" version="2" changeset="158279677" timestamp="2024-10-24T04:50:35Z" user="smont28" uid="4415167" lat="28.4864135" lon="83.8893895"/>
 <node id="5858783815" visible="true" version="1" changeset="62003583" timestamp="2018-08-26T10:41:10Z" user="Yeti-17" uid="6969191" lat="28.4865507" lon="83.8895309"/>
 <node id="5858783816" visible="true" version="2" changeset="158279677" timestamp="2024-10-24T04:50:35Z" user="smont28" uid="4415167" lat="28.4866143" lon="83.8895489"/>
 <node id="5858783817" visible="true" version="1" changeset="62003583" timestamp="2018-08-26T10:41:10Z" user="Yeti-17" uid="6969191" lat="28.4867581" lon="83.8895872"/>
 <node id="5858783818" visible="true" version="2" changeset="158279677" timestamp="2024-10-24T04:50:35Z" user="smont28" uid="4415167" lat="28.4869273" lon="83.8897693"/>
 <node id="5858783819" visible="true" version="2" changeset="158279677" timestamp="2024-10-24T04:50:35Z" user="smont28" uid="4415167" lat="28.4870214" lon="83.8898540"/>
 <node id="5858783820" visible="true" version="2" changeset="158279677" timestamp="2024-10-24T04:50:35Z" user="smont28" uid="4415167" lat="28.4872312" lon="83.8901711"/>
 <node id="5858783821" visible="true" version="2" changeset="158279677" timestamp="2024-10-24T04:50:35Z" user="smont28" uid="4415167" lat="28.4872763" lon="83.8902761"/>
 <node id="5858783822" visible="true" version="1" changeset="62003583" timestamp="2018-08-26T10:41:10Z" user="Yeti-17" uid="6969191" lat="28.4875479" lon="83.8904509"/>
 <node id="5858783823" visible="true" version="1" changeset="62003583" timestamp="2018-08-26T10:41:10Z" user="Yeti-17" uid="6969191" lat="28.4876799" lon="83.8905770"/>
 <node id="5858783824" visible="true" version="2" changeset="158279677" timestamp="2024-10-24T04:50:35Z" user="smont28" uid="4415167" lat="28.4878231" lon="83.8909031"/>
 <node id="5858783825" visible="true" version="1" changeset="62003583" timestamp="2018-08-26T10:41:10Z" user="Yeti-17" uid="6969191" lat="28.4881184" lon="83.8911509"/>
 <node id="5858783826" visible="true" version="2" changeset="158279677" timestamp="2024-10-24T04:50:35Z" user="smont28" uid="4415167" lat="28.4881978" lon="83.8914153"/>
 <node id="5858783827" visible="true" version="2" changeset="158279677" timestamp="2024-10-24T04:50:35Z" user="smont28" uid="4415167" lat="28.4884256" lon="83.8917552"/>
 <node id="5858783828" visible="true" version="2" changeset="158279677" timestamp="2024-10-24T04:50:35Z" user="smont28" uid="4415167" lat="28.4885768" lon="83.8918723"/>
 <node id="5858783829" visible="true" version="1" changeset="62003583" timestamp="2018-08-26T10:41:10Z" user="Yeti-17" uid="6969191" lat="28.4886582" lon="83.8920522"/>
 <node id="5858783832" visible="true" version="1" changeset="62003583" timestamp="2018-08-26T10:41:10Z" user="Yeti-17" uid="6969191" lat="28.4890684" lon="83.8921675"/>
 <node id="5858783833" visible="true" version="1" changeset="62003583" timestamp="2018-08-26T10:41:10Z" user="Yeti-17" uid="6969191" lat="28.4891509" lon="83.8921648"/>
 <node id="5858783834" visible="true" version="2" changeset="158279677" timestamp="2024-10-24T04:50:35Z" user="smont28" uid="4415167" lat="28.4893279" lon="83.8922552"/>
 <node id="5858783835" visible="true" version="2" changeset="158279677" timestamp="2024-10-24T04:50:35Z" user="smont28" uid="4415167" lat="28.4894204" lon="83.8923594"/>
 <node id="5858783836" visible="true" version="2" changeset="158279677" timestamp="2024-10-24T04:50:35Z" user="smont28" uid="4415167" lat="28.4895985" lon="83.8923840"/>
 <node id="5858783837" visible="true" version="2" changeset="158279677" timestamp="2024-10-24T04:50:35Z" user="smont28" uid="4415167" lat="28.4897129" lon="83.8923804"/>
 <node id="5858783838" visible="true" version="2" changeset="158279677" timestamp="2024-10-24T04:50:35Z" user="smont28" uid="4415167" lat="28.4898086" lon="83.8924046"/>
 <node id="5858783839" visible="true" version="2" changeset="145949660" timestamp="2024-01-06T09:40:10Z" user="jean-ray2" uid="11285694" lat="28.4899277" lon="83.8923646"/>
 <node id="5858783847" visible="true" version="3" changeset="158279677" timestamp="2024-10-24T04:50:35Z" user="smont28" uid="4415167" lat="28.4900821" lon="83.8924319"/>
 <node id="5858783848" visible="true" version="1" changeset="62003583" timestamp="2018-08-26T10:41:10Z" user="Yeti-17" uid="6969191" lat="28.4901104" lon="83.8925350"/>
 <node id="5858783849" visible="true" version="1" changeset="62003583" timestamp="2018-08-26T10:41:10Z" user="Yeti-17" uid="6969191" lat="28.4902141" lon="83.8925859"/>
 <node id="5858783850" visible="true" version="1" changeset="62003583" timestamp="2018-08-26T10:41:10Z" user="Yeti-17" uid="6969191" lat="28.4902400" lon="83.8926584"/>
 <node id="5858783851" visible="true" version="2" changeset="145949660" timestamp="2024-01-06T09:40:10Z" user="jean-ray2" uid="11285694" lat="28.4904474" lon="83.8928541"/>
 <node id="5858783852" visible="true" version="2" changeset="145949660" timestamp="2024-01-06T09:40:10Z" user="jean-ray2" uid="11285694" lat="28.4905477" lon="83.8928596"/>
 <node id="5858783853" visible="true" version="1" changeset="62003583" timestamp="2018-08-26T10:41:10Z" user="Yeti-17" uid="6969191" lat="28.4906974" lon="83.8928515"/>
 <node id="5858783854" visible="true" version="1" changeset="62003583" timestamp="2018-08-26T10:41:10Z" user="Yeti-17" uid="6969191" lat="28.4907563" lon="83.8927147"/>
 <node id="5858783855" visible="true" version="1" changeset="62003583" timestamp="2018-08-26T10:41:10Z" user="Yeti-17" uid="6969191" lat="28.4908152" lon="83.8926637"/>
 <node id="5858783856" visible="true" version="1" changeset="62003583" timestamp="2018-08-26T10:41:10Z" user="Yeti-17" uid="6969191" lat="28.4909048" lon="83.8926557"/>
 <node id="5858783857" visible="true" version="1" changeset="62003583" timestamp="2018-08-26T10:41:10Z" user="Yeti-17" uid="6969191" lat="28.4909614" lon="83.8924813"/>
 <node id="5858783858" visible="true" version="1" changeset="62003583" timestamp="2018-08-26T10:41:10Z" user="Yeti-17" uid="6969191" lat="28.4909968" lon="83.8924277"/>
 <node id="5858783859" visible="true" version="1" changeset="62003583" timestamp="2018-08-26T10:41:10Z" user="Yeti-17" uid="6969191" lat="28.4912396" lon="83.8924411"/>
 <node id="5858783860" visible="true" version="2" changeset="158279963" timestamp="2024-10-24T05:07:03Z" user="smont28" uid="4415167" lat="28.4917983" lon="83.8925511"/>
 <node id="5858783861" visible="true" version="1" changeset="62003583" timestamp="2018-08-26T10:41:10Z" user="Yeti-17" uid="6969191" lat="28.4917370" lon="83.8925537"/>
 <node id="5858783862" visible="true" version="1" changeset="62003583" timestamp="2018-08-26T10:41:11Z" user="Yeti-17" uid="6969191" lat="28.4916026" lon="83.8925081"/>
 <node id="5858783863" visible="true" version="1" changeset="62003583" timestamp="2018-08-26T10:41:11Z" user="Yeti-17" uid="6969191" lat="28.4914399" lon="83.8924786"/>
 <node id="5858783864" visible="true" version="3" changeset="158279963" timestamp="2024-10-24T05:07:03Z" user="smont28" uid="4415167" lat="28.4919067" lon="83.8925125"/>
 <node id="5858783865" visible="true" version="4" changeset="158279963" timestamp="2024-10-24T05:07:03Z" user="smont28" uid="4415167" lat="28.4921997" lon="83.8924552"/>
 <node id="5858783866" visible="true" version="4" changeset="158279963" timestamp="2024-10-24T05:07:03Z" user="smont28" uid="4415167" lat="28.4923469" lon="83.8925401"/>
 <node id="5858783869" visible="true" version="4" changeset="158279963" timestamp="2024-10-24T05:07:03Z" user="smont28" uid="4415167" lat="28.4925338" lon="83.8924698"/>
 <node id="5858783870" visible="true" version="3" changeset="158279963" timestamp="2024-10-24T05:07:03Z" user="smont28" uid="4415167" lat="28.4926047" lon="83.8924954"/>
 <node id="5858783871" visible="true" version="2" changeset="158279963" timestamp="2024-10-24T05:07:03Z" user="smont28" uid="4415167" lat="28.4927742" lon="83.8925484"/>
 <node id="5858783872" visible="true" version="2" changeset="158279963" timestamp="2024-10-24T05:07:03Z" user="smont28" uid="4415167" lat="28.4929156" lon="83.8926852"/>
 <node id="5858783873" visible="true" version="1" changeset="62003583" timestamp="2018-08-26T10:41:11Z" user="Yeti-17" uid="6969191" lat="28.4929651" lon="83.8927790"/>
 <node id="5858783874" visible="true" version="1" changeset="62003583" timestamp="2018-08-26T10:41:11Z" user="Yeti-17" uid="6969191" lat="28.4930170" lon="83.8927790"/>
 <node id="5858783875" visible="true" version="1" changeset="62003583" timestamp="2018-08-26T10:41:11Z" user="Yeti-17" uid="6969191" lat="28.4930594" lon="83.8928246"/>
 <node id="5858783876" visible="true" version="1" changeset="62003583" timestamp="2018-08-26T10:41:11Z" user="Yeti-17" uid="6969191" lat="28.4932032" lon="83.8927844"/>
 <node id="5858783877" visible="true" version="2" changeset="145951450" timestamp="2024-01-06T10:39:44Z" user="jean-ray2" uid="11285694" lat="28.4933228" lon="83.8928969"/>
 <node id="5858783878" visible="true" version="2" changeset="158279963" timestamp="2024-10-24T05:07:03Z" user="smont28" uid="4415167" lat="28.4933344" lon="83.8929836"/>
 <node id="5858783879" visible="true" version="2" changeset="158279963" timestamp="2024-10-24T05:07:03Z" user="smont28" uid="4415167" lat="28.4933469" lon="83.8930669"/>
 <node id="5858783880" visible="true" version="2" changeset="158279963" timestamp="2024-10-24T05:07:03Z" user="smont28" uid="4415167" lat="28.4934770" lon="83.8932087"/>
 <node id="5858783881" visible="true" version="2" changeset="158279963" timestamp="2024-10-24T05:07:03Z" user="smont28" uid="4415167" lat="28.4935046" lon="83.8932639"/>
 <node id="5858783882" visible="true" version="2" changeset="158279963" timestamp="2024-10-24T05:07:03Z" user="smont28" uid="4415167" lat="28.4935431" lon="83.8933659"/>
 <node id="5858783883" visible="true" version="1" changeset="62003583" timestamp="2018-08-26T10:41:11Z" user="Yeti-17" uid="6969191" lat="28.4936417" lon="83.8934764"/>
 <node id="5858783884" visible="true" version="1" changeset="62003583" timestamp="2018-08-26T10:41:11Z" user="Yeti-17" uid="6969191" lat="28.4938114" lon="83.8935086"/>
 <node id="5858783885" visible="true" version="2" changeset="158279963" timestamp="2024-10-24T05:07:03Z" user="smont28" uid="4415167" lat="28.4940141" lon="83.8935950"/>
 <node id="5858783886" visible="true" version="2" changeset="158279963" timestamp="2024-10-24T05:07:03Z" user="smont28" uid="4415167" lat="28.4942002" lon="83.8936860"/>
 <node id="5858783887" visible="true" version="2" changeset="158279963" timestamp="2024-10-24T05:07:03Z" user="smont28" uid="4415167" lat="28.4941500" lon="83.8940205"/>
 <node id="5858783888" visible="true" version="1" changeset="62003583" timestamp="2018-08-26T10:41:11Z" user="Yeti-17" uid="6969191" lat="28.4941744" lon="83.8941979"/>
 <node id="5858783889" visible="true" version="1" changeset="62003583" timestamp="2018-08-26T10:41:11Z" user="Yeti-17" uid="6969191" lat="28.4942593" lon="83.8942838"/>
 <node id="5858783898" visible="true" version="1" changeset="62003583" timestamp="2018-08-26T10:41:11Z" user="Yeti-17" uid="6969191" lat="28.4988607" lon="83.8996911"/>
 <node id="5858783899" visible="true" version="3" changeset="145949660" timestamp="2024-01-06T09:40:10Z" user="jean-ray2" uid="11285694" lat="28.4985883" lon="83.8995207"/>
 <node id="5858783900" visible="true" version="2" changeset="76904982" timestamp="2019-11-11T11:42:28Z" user="krschap" uid="7004124" lat="28.4983492" lon="83.8994121"/>
 <node id="5858783901" visible="true" version="2" changeset="145951450" timestamp="2024-01-06T10:39:44Z" user="jean-ray2" uid="11285694" lat="28.4981779" lon="83.8992277"/>
 <node id="5858783902" visible="true" version="2" changeset="145951450" timestamp="2024-01-06T10:39:44Z" user="jean-ray2" uid="11285694" lat="28.4981623" lon="83.8991597"/>
 <node id="5858783903" visible="true" version="2" changeset="145951450" timestamp="2024-01-06T10:39:44Z" user="jean-ray2" uid="11285694" lat="28.4980801" lon="83.8990629"/>
 <node id="5858783904" visible="true" version="1" changeset="62003583" timestamp="2018-08-26T10:41:11Z" user="Yeti-17" uid="6969191" lat="28.4979802" lon="83.8989039"/>
 <node id="5858783905" visible="true" version="2" changeset="145951450" timestamp="2024-01-06T10:39:44Z" user="jean-ray2" uid="11285694" lat="28.4979134" lon="83.8987517"/>
 <node id="5858783906" visible="true" version="2" changeset="145951450" timestamp="2024-01-06T10:39:44Z" user="jean-ray2" uid="11285694" lat="28.4978613" lon="83.8986979"/>
 <node id="5858783907" visible="true" version="2" changeset="158279677" timestamp="2024-10-24T04:50:35Z" user="smont28" uid="4415167" lat="28.4971179" lon="83.8974768"/>
 <node id="5858783908" visible="true" version="1" changeset="62003583" timestamp="2018-08-26T10:41:11Z" user="Yeti-17" uid="6969191" lat="28.4971328" lon="83.8974193"/>
 <node id="5858783909" visible="true" version="1" changeset="62003583" timestamp="2018-08-26T10:41:11Z" user="Yeti-17" uid="6969191" lat="28.4971493" lon="83.8972127"/>
 <node id="5858783910" visible="true" version="1" changeset="62003583" timestamp="2018-08-26T10:41:11Z" user="Yeti-17" uid="6969191" lat="28.4970150" lon="83.8970572"/>
 <node id="5858783911" visible="true" version="1" changeset="62003583" timestamp="2018-08-26T10:41:11Z" user="Yeti-17" uid="6969191" lat="28.4969419" lon="83.8970545"/>
 <node id="5858783912" visible="true" version="2" changeset="158279744" timestamp="2024-10-24T04:55:40Z" user="smont28" uid="4415167" lat="28.4968168" lon="83.8970520"/>
 <node id="5858783913" visible="true" version="1" changeset="62003583" timestamp="2018-08-26T10:41:11Z" user="Yeti-17" uid="6969191" lat="28.4968004" lon="83.8970008"/>
 <node id="5858783914" visible="true" version="2" changeset="158279744" timestamp="2024-10-24T04:55:40Z" user="smont28" uid="4415167" lat="28.4966555" lon="83.8968589"/>
 <node id="5858783915" visible="true" version="4" changeset="158279963" timestamp="2024-10-24T05:07:03Z" user="smont28" uid="4415167" lat="28.4965353" lon="83.8966502"/>
 <node id="5858783916" visible="true" version="3" changeset="158279963" timestamp="2024-10-24T05:07:03Z" user="smont28" uid="4415167" lat="28.4964894" lon="83.8965035"/>
 <node id="5858783917" visible="true" version="3" changeset="158279744" timestamp="2024-10-24T04:55:40Z" user="smont28" uid="4415167" lat="28.4964789" lon="83.8964522"/>
 <node id="5858783918" visible="true" version="4" changeset="158279963" timestamp="2024-10-24T05:07:03Z" user="smont28" uid="4415167" lat="28.4963641" lon="83.8963312"/>
 <node id="5858783919" visible="true" version="3" changeset="158279744" timestamp="2024-10-24T04:55:40Z" user="smont28" uid="4415167" lat="28.4962622" lon="83.8961841"/>
 <node id="5858783920" visible="true" version="3" changeset="158279744" timestamp="2024-10-24T04:55:40Z" user="smont28" uid="4415167" lat="28.4960536" lon="83.8961105"/>
 <node id="5858783921" visible="true" version="2" changeset="158279744" timestamp="2024-10-24T04:55:40Z" user="smont28" uid="4415167" lat="28.4959483" lon="83.8959983"/>
 <node id="5858783922" visible="true" version="3" changeset="158279744" timestamp="2024-10-24T04:55:40Z" user="smont28" uid="4415167" lat="28.4959208" lon="83.8959121"/>
 <node id="5858783923" visible="true" version="3" changeset="158279744" timestamp="2024-10-24T04:55:40Z" user="smont28" uid="4415167" lat="28.4958743" lon="83.8958827"/>
 <node id="5858783924" visible="true" version="3" changeset="158279744" timestamp="2024-10-24T04:55:40Z" user="smont28" uid="4415167" lat="28.4957368" lon="83.8956094"/>
 <node id="5858783925" visible="true" version="3" changeset="158279744" timestamp="2024-10-24T04:55:40Z" user="smont28" uid="4415167" lat="28.4957178" lon="83.8956509"/>
 <node id="5858783926" visible="true" version="2" changeset="158279744" timestamp="2024-10-24T04:55:40Z" user="smont28" uid="4415167" lat="28.4956513" lon="83.8956616"/>
 <node id="5858783927" visible="true" version="3" changeset="158279963" timestamp="2024-10-24T05:07:03Z" user="smont28" uid="4415167" lat="28.4955842" lon="83.8955931"/>
 <node id="5858783928" visible="true" version="1" changeset="62003583" timestamp="2018-08-26T10:41:11Z" user="Yeti-17" uid="6969191" lat="28.4954073" lon="83.8953942"/>
 <node id="5858783929" visible="true" version="2" changeset="158279963" timestamp="2024-10-24T05:07:03Z" user="smont28" uid="4415167" lat="28.4953152" lon="83.8953524"/>
 <node id="5858783930" visible="true" version="2" changeset="158279677" timestamp="2024-10-24T04:50:35Z" user="smont28" uid="4415167" lat="28.4951711" lon="83.8952133"/>
 <node id="5858784016" visible="true" version="1" changeset="62003583" timestamp="2018-08-26T10:41:13Z" user="Yeti-17" uid="6969191" lat="28.5052367" lon="83.9033389"/>
 <node id="5858784017" visible="true" version="2" changeset="158279677" timestamp="2024-10-24T04:50:35Z" user="smont28" uid="4415167" lat="28.5056077" lon="83.9037114"/>
 <node id="5858784018" visible="true" version="2" changeset="158279677" timestamp="2024-10-24T04:50:35Z" user="smont28" uid="4415167" lat="28.5057141" lon="83.9037988"/>
 <node id="5858784020" visible="true" version="4" changeset="174820109" timestamp="2025-11-18T15:04:43Z" user="rheins" uid="2996489" lat="28.5068084" lon="83.9043100"/>
 <node id="5858784021" visible="true" version="4" changeset="174820109" timestamp="2025-11-18T15:04:43Z" user="rheins" uid="2996489" lat="28.5069862" lon="83.9043281"/>
 <node id="5858784028" visible="true" version="2" changeset="145949660" timestamp="2024-01-06T09:40:10Z" user="jean-ray2" uid="11285694" lat="28.5085621" lon="83.9047778"/>
 <node id="5858784029" visible="true" version="1" changeset="62003583" timestamp="2018-08-26T10:41:13Z" user="Yeti-17" uid="6969191" lat="28.5086874" lon="83.9047444"/>
 <node id="5858784030" visible="true" version="2" changeset="158279963" timestamp="2024-10-24T05:07:03Z" user="smont28" uid="4415167" lat="28.5090018" lon="83.9047213"/>
 <node id="5858784031" visible="true" version="2" changeset="158279963" timestamp="2024-10-24T05:07:03Z" user="smont28" uid="4415167" lat="28.5091060" lon="83.9047469"/>
 <node id="5858784032" visible="true" version="3" changeset="158279963" timestamp="2024-10-24T05:07:03Z" user="smont28" uid="4415167" lat="28.5093500" lon="83.9047181"/>
 <node id="5858784033" visible="true" version="3" changeset="158279963" timestamp="2024-10-24T05:07:03Z" user="smont28" uid="4415167" lat="28.5094781" lon="83.9046760"/>
 <node id="5858784034" visible="true" version="2" changeset="158279963" timestamp="2024-10-24T05:07:03Z" user="smont28" uid="4415167" lat="28.5095871" lon="83.9046739"/>
 <node id="5858784035" visible="true" version="2" changeset="158279963" timestamp="2024-10-24T05:07:03Z" user="smont28" uid="4415167" lat="28.5097169" lon="83.9046993"/>
 <node id="5858784036" visible="true" version="1" changeset="62003583" timestamp="2018-08-26T10:41:13Z" user="Yeti-17" uid="6969191" lat="28.5098093" lon="83.9046854"/>
 <node id="5858784037" visible="true" version="2" changeset="158279963" timestamp="2024-10-24T05:07:03Z" user="smont28" uid="4415167" lat="28.5099387" lon="83.9046557"/>
 <node id="5858784038" visible="true" version="2" changeset="158279963" timestamp="2024-10-24T05:07:03Z" user="smont28" uid="4415167" lat="28.5103151" lon="83.9046889"/>
 <node id="5858784039" visible="true" version="2" changeset="158279963" timestamp="2024-10-24T05:07:03Z" user="smont28" uid="4415167" lat="28.5104928" lon="83.9046501"/>
 <node id="5858784040" visible="true" version="2" changeset="158279677" timestamp="2024-10-24T04:50:35Z" user="smont28" uid="4415167" lat="28.5108600" lon="83.9048404"/>
 <node id="5858784041" visible="true" version="2" changeset="158279677" timestamp="2024-10-24T04:50:35Z" user="smont28" uid="4415167" lat="28.5109446" lon="83.9048881"/>
 <node id="5858784042" visible="true" version="2" changeset="158279677" timestamp="2024-10-24T04:50:35Z" user="smont28" uid="4415167" lat="28.5111046" lon="83.9049573"/>
 <node id="5858784043" visible="true" version="2" changeset="158279677" timestamp="2024-10-24T04:50:35Z" user="smont28" uid="4415167" lat="28.5112107" lon="83.9050430"/>
 <node id="5858784044" visible="true" version="2" changeset="158279677" timestamp="2024-10-24T04:50:35Z" user="smont28" uid="4415167" lat="28.5113037" lon="83.9052177"/>
 <node id="5858784045" visible="true" version="2" changeset="158279677" timestamp="2024-10-24T04:50:35Z" user="smont28" uid="4415167" lat="28.5114594" lon="83.9053725"/>
 <node id="5858784046" visible="true" version="3" changeset="158279963" timestamp="2024-10-24T05:07:03Z" user="smont28" uid="4415167" lat="28.5117935" lon="83.9056129"/>
 <node id="5858784047" visible="true" version="3" changeset="145949660" timestamp="2024-01-06T09:40:10Z" user="jean-ray2" uid="11285694" lat="28.5121156" lon="83.9057253"/>
 <node id="5858784049" visible="true" version="5" changeset="174820109" timestamp="2025-11-18T15:04:43Z" user="rheins" uid="2996489" lat="28.5126403" lon="83.9059416"/>
 <node id="5858784051" visible="true" version="4" changeset="174820109" timestamp="2025-11-18T15:04:43Z" user="rheins" uid="2996489" lat="28.5128882" lon="83.9059895"/>
 <node id="5858784054" visible="true" version="2" changeset="158279677" timestamp="2024-10-24T04:50:35Z" user="smont28" uid="4415167" lat="28.5132035" lon="83.9060408"/>
 <node id="5858784055" visible="true" version="1" changeset="62003583" timestamp="2018-08-26T10:41:13Z" user="Yeti-17" uid="6969191" lat="28.5133258" lon="83.9061177"/>
 <node id="5858784056" visible="true" version="2" changeset="158279677" timestamp="2024-10-24T04:50:35Z" user="smont28" uid="4415167" lat="28.5135241" lon="83.9063477"/>
 <node id="5858784057" visible="true" version="2" changeset="158279677" timestamp="2024-10-24T04:50:35Z" user="smont28" uid="4415167" lat="28.5136676" lon="83.9064751"/>
 <node id="5858784058" visible="true" version="2" changeset="158279677" timestamp="2024-10-24T04:50:35Z" user="smont28" uid="4415167" lat="28.5138295" lon="83.9065063"/>
 <node id="5858784059" visible="true" version="2" changeset="158279677" timestamp="2024-10-24T04:50:35Z" user="smont28" uid="4415167" lat="28.5139868" lon="83.9064939"/>
 <node id="5858784066" visible="true" version="2" changeset="158279677" timestamp="2024-10-24T04:50:35Z" user="smont28" uid="4415167" lat="28.5143042" lon="83.9062981"/>
 <node id="5858784067" visible="true" version="2" changeset="158279677" timestamp="2024-10-24T04:50:35Z" user="smont28" uid="4415167" lat="28.5143795" lon="83.9062950"/>
 <node id="5858784068" visible="true" version="2" changeset="158279677" timestamp="2024-10-24T04:50:35Z" user="smont28" uid="4415167" lat="28.5144928" lon="83.9062586"/>
 <node id="5858784069" visible="true" version="2" changeset="158279963" timestamp="2024-10-24T05:07:03Z" user="smont28" uid="4415167" lat="28.5146230" lon="83.9062585"/>
 <node id="5858784070" visible="true" version="1" changeset="62003583" timestamp="2018-08-26T10:41:13Z" user="Yeti-17" uid="6969191" lat="28.5148295" lon="83.9065629"/>
 <node id="5858784071" visible="true" version="1" changeset="62003583" timestamp="2018-08-26T10:41:13Z" user="Yeti-17" uid="6969191" lat="28.5149850" lon="83.9065522"/>
 <node id="5858784072" visible="true" version="1" changeset="62003583" timestamp="2018-08-26T10:41:13Z" user="Yeti-17" uid="6969191" lat="28.5151641" lon="83.9066112"/>
 <node id="5858784073" visible="true" version="3" changeset="158279677" timestamp="2024-10-24T04:50:35Z" user="smont28" uid="4415167" lat="28.5153403" lon="83.9067166"/>
 <node id="5858784074" visible="true" version="3" changeset="158279677" timestamp="2024-10-24T04:50:35Z" user="smont28" uid="4415167" lat="28.5154552" lon="83.9068748"/>
 <node id="5858784075" visible="true" version="2" changeset="158279677" timestamp="2024-10-24T04:50:35Z" user="smont28" uid="4415167" lat="28.5155967" lon="83.9069645"/>
 <node id="5858784076" visible="true" version="2" changeset="145949660" timestamp="2024-01-06T09:40:10Z" user="jean-ray2" uid="11285694" lat="28.5157520" lon="83.9070120"/>
 <node id="5858784077" visible="true" version="1" changeset="62003583" timestamp="2018-08-26T10:41:13Z" user="Yeti-17" uid="6969191" lat="28.5159796" lon="83.9072066"/>
 <node id="5858784078" visible="true" version="2" changeset="145951450" timestamp="2024-01-06T10:39:44Z" user="jean-ray2" uid="11285694" lat="28.5163601" lon="83.9072725"/>
 <node id="5858784092" visible="true" version="2" changeset="158279677" timestamp="2024-10-24T04:50:35Z" user="smont28" uid="4415167" lat="28.5167000" lon="83.9074203"/>
 <node id="5858784093" visible="true" version="2" changeset="158279677" timestamp="2024-10-24T04:50:35Z" user="smont28" uid="4415167" lat="28.5171943" lon="83.9075712"/>
 <node id="5858784094" visible="true" version="2" changeset="158279677" timestamp="2024-10-24T04:50:35Z" user="smont28" uid="4415167" lat="28.5175131" lon="83.9075846"/>
 <node id="5858784095" visible="true" version="2" changeset="158279677" timestamp="2024-10-24T04:50:35Z" user="smont28" uid="4415167" lat="28.5178368" lon="83.9076411"/>
 <node id="5858784096" visible="true" version="2" changeset="158279677" timestamp="2024-10-24T04:50:35Z" user="smont28" uid="4415167" lat="28.5181295" lon="83.9077187"/>
 <node id="5858784097" visible="true" version="2" changeset="158279677" timestamp="2024-10-24T04:50:35Z" user="smont28" uid="4415167" lat="28.5182336" lon="83.9077609"/>
 <node id="5858784098" visible="true" version="1" changeset="62003583" timestamp="2018-08-26T10:41:14Z" user="Yeti-17" uid="6969191" lat="28.5183552" lon="83.9077699"/>
 <node id="5858784099" visible="true" version="2" changeset="158279677" timestamp="2024-10-24T04:50:35Z" user="smont28" uid="4415167" lat="28.5184660" lon="83.9077004"/>
 <node id="5858784100" visible="true" version="2" changeset="158279677" timestamp="2024-10-24T04:50:35Z" user="smont28" uid="4415167" lat="28.5185423" lon="83.9075592"/>
 <node id="5858784101" visible="true" version="2" changeset="158279677" timestamp="2024-10-24T04:50:35Z" user="smont28" uid="4415167" lat="28.5186587" lon="83.9075012"/>
 <node id="5858784102" visible="true" version="3" changeset="158279677" timestamp="2024-10-24T04:50:35Z" user="smont28" uid="4415167" lat="28.5189638" lon="83.9075849"/>
 <node id="5858784104" visible="true" version="3" changeset="145951450" timestamp="2024-01-06T10:39:44Z" user="jean-ray2" uid="11285694" lat="28.5225193" lon="83.9082077"/>
 <node id="5858784105" visible="true" version="1" changeset="62003583" timestamp="2018-08-26T10:41:14Z" user="Yeti-17" uid="6969191" lat="28.5230121" lon="83.9082286"/>
 <node id="5858784106" visible="true" version="2" changeset="76889595" timestamp="2019-11-11T06:59:57Z" user="Subash Tiwari" uid="6075635" lat="28.5231664" lon="83.9083103"/>
 <node id="5858784107" visible="true" version="4" changeset="145951450" timestamp="2024-01-06T10:39:44Z" user="jean-ray2" uid="11285694" lat="28.5231338" lon="83.9082801"/>
 <node id="5858784114" visible="true" version="2" changeset="76889595" timestamp="2019-11-11T06:59:57Z" user="Subash Tiwari" uid="6075635" lat="28.5237025" lon="83.9080945"/>
 <node id="5858784115" visible="true" version="2" changeset="76889595" timestamp="2019-11-11T06:59:57Z" user="Subash Tiwari" uid="6075635" lat="28.5233986" lon="83.9080944"/>
 <node id="5858784116" visible="true" version="2" changeset="76889595" timestamp="2019-11-11T06:59:57Z" user="Subash Tiwari" uid="6075635" lat="28.5233656" lon="83.9081696"/>
 <node id="5858784117" visible="true" version="2" changeset="76889595" timestamp="2019-11-11T06:59:57Z" user="Subash Tiwari" uid="6075635" lat="28.5233031" lon="83.9082339"/>
 <node id="5858784118" visible="true" version="2" changeset="76889595" timestamp="2019-11-11T06:59:57Z" user="Subash Tiwari" uid="6075635" lat="28.5232312" lon="83.9083185"/>
 <node id="5858784155" visible="true" version="2" changeset="76888939" timestamp="2019-11-11T06:44:49Z" user="Subash Tiwari" uid="6075635" lat="28.5269877" lon="83.9055329"/>
 <node id="5858784156" visible="true" version="2" changeset="76888939" timestamp="2019-11-11T06:44:49Z" user="Subash Tiwari" uid="6075635" lat="28.5269241" lon="83.9056885"/>
 <node id="5858784157" visible="true" version="2" changeset="76888939" timestamp="2019-11-11T06:44:49Z" user="Subash Tiwari" uid="6075635" lat="28.5267543" lon="83.9059567"/>
 <node id="5858784163" visible="true" version="1" changeset="62003583" timestamp="2018-08-26T10:41:15Z" user="Yeti-17" uid="6969191" lat="28.5264457" lon="83.9065012"/>
 <node id="5858784165" visible="true" version="2" changeset="76889595" timestamp="2019-11-11T06:59:57Z" user="Subash Tiwari" uid="6075635" lat="28.5261251" lon="83.9068378"/>
 <node id="5858784166" visible="true" version="2" changeset="76888939" timestamp="2019-11-11T06:44:49Z" user="Subash Tiwari" uid="6075635" lat="28.5263656" lon="83.9065951"/>
 <node id="5858784167" visible="true" version="2" changeset="76888939" timestamp="2019-11-11T06:44:49Z" user="Subash Tiwari" uid="6075635" lat="28.5270537" lon="83.9053425"/>
 <node id="5858784168" visible="true" version="2" changeset="76888939" timestamp="2019-11-11T06:44:49Z" user="Subash Tiwari" uid="6075635" lat="28.5270985" lon="83.9051789"/>
 <node id="5858784169" visible="true" version="2" changeset="76888939" timestamp="2019-11-11T06:44:49Z" user="Subash Tiwari" uid="6075635" lat="28.5272988" lon="83.9043153"/>
 <node id="5858784170" visible="true" version="3" changeset="158279963" timestamp="2024-10-24T05:07:03Z" user="smont28" uid="4415167" lat="28.5273270" lon="83.9039845"/>
 <node id="5858784171" visible="true" version="2" changeset="76888939" timestamp="2019-11-11T06:44:49Z" user="Subash Tiwari" uid="6075635" lat="28.5273388" lon="83.9038432"/>
 <node id="5858784172" visible="true" version="3" changeset="158279963" timestamp="2024-10-24T05:07:03Z" user="smont28" uid="4415167" lat="28.5273764" lon="83.9036635"/>
 <node id="5858784173" visible="true" version="3" changeset="158279963" timestamp="2024-10-24T05:07:03Z" user="smont28" uid="4415167" lat="28.5274155" lon="83.9035041"/>
 <node id="5858784174" visible="true" version="3" changeset="158279963" timestamp="2024-10-24T05:07:03Z" user="smont28" uid="4415167" lat="28.5274493" lon="83.9031014"/>
 <node id="5858784175" visible="true" version="2" changeset="76888939" timestamp="2019-11-11T06:44:49Z" user="Subash Tiwari" uid="6075635" lat="28.5274684" lon="83.9029258"/>
 <node id="5858784176" visible="true" version="3" changeset="158279963" timestamp="2024-10-24T05:07:03Z" user="smont28" uid="4415167" lat="28.5274439" lon="83.9025166"/>
 <node id="5858784177" visible="true" version="3" changeset="158279963" timestamp="2024-10-24T05:07:03Z" user="smont28" uid="4415167" lat="28.5273863" lon="83.9024108"/>
 <node id="5858784178" visible="true" version="3" changeset="158279963" timestamp="2024-10-24T05:07:03Z" user="smont28" uid="4415167" lat="28.5273479" lon="83.9022097"/>
 <node id="5858784179" visible="true" version="2" changeset="158279963" timestamp="2024-10-24T05:07:03Z" user="smont28" uid="4415167" lat="28.5275910" lon="83.9014442"/>
 <node id="5858784180" visible="true" version="2" changeset="158279963" timestamp="2024-10-24T05:07:03Z" user="smont28" uid="4415167" lat="28.5277216" lon="83.9008189"/>
 <node id="5858784181" visible="true" version="2" changeset="145949660" timestamp="2024-01-06T09:40:10Z" user="jean-ray2" uid="11285694" lat="28.5278256" lon="83.9000681"/>
 <node id="5858784182" visible="true" version="2" changeset="158279963" timestamp="2024-10-24T05:07:03Z" user="smont28" uid="4415167" lat="28.5279251" lon="83.8998912"/>
 <node id="5858784183" visible="true" version="1" changeset="62003583" timestamp="2018-08-26T10:41:15Z" user="Yeti-17" uid="6969191" lat="28.5280034" lon="83.8996053"/>
 <node id="5858784184" visible="true" version="2" changeset="76888939" timestamp="2019-11-11T06:44:49Z" user="Subash Tiwari" uid="6075635" lat="28.5310174" lon="83.8822111"/>
 <node id="5858784185" visible="true" version="3" changeset="158279677" timestamp="2024-10-24T04:50:35Z" user="smont28" uid="4415167" lat="28.5309850" lon="83.8816950"/>
 <node id="5858784186" visible="true" version="3" changeset="158279677" timestamp="2024-10-24T04:50:35Z" user="smont28" uid="4415167" lat="28.5294394" lon="83.8927589"/>
 <node id="5858784187" visible="true" version="4" changeset="145951450" timestamp="2024-01-06T10:39:44Z" user="jean-ray2" uid="11285694" lat="28.5293298" lon="83.8938078"/>
 <node id="5858784188" visible="true" version="4" changeset="145951450" timestamp="2024-01-06T10:39:44Z" user="jean-ray2" uid="11285694" lat="28.5292788" lon="83.8940957"/>
 <node id="5858784189" visible="true" version="6" changeset="158279963" timestamp="2024-10-24T05:07:03Z" user="smont28" uid="4415167" lat="28.5291267" lon="83.8950823"/>
 <node id="5858784190" visible="true" version="4" changeset="158279963" timestamp="2024-10-24T05:07:03Z" user="smont28" uid="4415167" lat="28.5291752" lon="83.8952350"/>
 <node id="5858784191" visible="true" version="5" changeset="158279963" timestamp="2024-10-24T05:07:03Z" user="smont28" uid="4415167" lat="28.5292151" lon="83.8954975"/>
 <node id="5858784192" visible="true" version="3" changeset="158279677" timestamp="2024-10-24T04:50:35Z" user="smont28" uid="4415167" lat="28.5292079" lon="83.8958602"/>
 <node id="5858784193" visible="true" version="3" changeset="158279677" timestamp="2024-10-24T04:50:35Z" user="smont28" uid="4415167" lat="28.5290787" lon="83.8964883"/>
 <node id="5858784194" visible="true" version="2" changeset="76888939" timestamp="2019-11-11T06:44:49Z" user="Subash Tiwari" uid="6075635" lat="28.5290120" lon="83.8970625"/>
 <node id="5858784195" visible="true" version="2" changeset="158279677" timestamp="2024-10-24T04:50:35Z" user="smont28" uid="4415167" lat="28.5288890" lon="83.8974436"/>
 <node id="5858784196" visible="true" version="2" changeset="158279677" timestamp="2024-10-24T04:50:35Z" user="smont28" uid="4415167" lat="28.5287014" lon="83.8977636"/>
 <node id="5858784197" visible="true" version="3" changeset="158279963" timestamp="2024-10-24T05:07:03Z" user="smont28" uid="4415167" lat="28.5281124" lon="83.8988805"/>
 <node id="5858784198" visible="true" version="3" changeset="174820109" timestamp="2025-11-18T15:04:43Z" user="rheins" uid="2996489" lat="28.5306521" lon="83.8786640"/>
 <node id="5858825322" visible="true" version="2" changeset="76891161" timestamp="2019-11-11T07:31:40Z" user="Subash Tiwari" uid="6075635" lat="28.4139439" lon="83.8188748"/>
 <node id="5858825323" visible="true" version="3" changeset="76891161" timestamp="2019-11-11T07:31:40Z" user="Subash Tiwari" uid="6075635" lat="28.4125874" lon="83.8192195"/>
 <node id="5858825324" visible="true" version="2" changeset="76891161" timestamp="2019-11-11T07:31:40Z" user="Subash Tiwari" uid="6075635" lat="28.4124482" lon="83.8192651"/>
 <node id="5858825325" visible="true" version="2" changeset="76891161" timestamp="2019-11-11T07:31:40Z" user="Subash Tiwari" uid="6075635" lat="28.4122678" lon="83.8193093"/>
 <node id="5858825326" visible="true" version="2" changeset="76891161" timestamp="2019-11-11T07:31:40Z" user="Subash Tiwari" uid="6075635" lat="28.4122289" lon="83.8193187"/>
 <node id="5858825327" visible="true" version="2" changeset="76891161" timestamp="2019-11-11T07:31:40Z" user="Subash Tiwari" uid="6075635" lat="28.4122265" lon="83.8194380"/>
 <node id="5858825328" visible="true" version="2" changeset="76891161" timestamp="2019-11-11T07:31:40Z" user="Subash Tiwari" uid="6075635" lat="28.4122017" lon="83.8195024"/>
 <node id="5858825329" visible="true" version="2" changeset="76891161" timestamp="2019-11-11T07:31:40Z" user="Subash Tiwari" uid="6075635" lat="28.4122028" lon="83.8195252"/>
 <node id="5858825330" visible="true" version="2" changeset="76891161" timestamp="2019-11-11T07:31:40Z" user="Subash Tiwari" uid="6075635" lat="28.4121887" lon="83.8195937"/>
 <node id="5858825331" visible="true" version="2" changeset="76891161" timestamp="2019-11-11T07:31:40Z" user="Subash Tiwari" uid="6075635" lat="28.4121899" lon="83.8196593"/>
 <node id="5858825332" visible="true" version="2" changeset="76891161" timestamp="2019-11-11T07:31:40Z" user="Subash Tiwari" uid="6075635" lat="28.4119233" lon="83.8198551"/>
 <node id="5858825333" visible="true" version="2" changeset="76891161" timestamp="2019-11-11T07:31:40Z" user="Subash Tiwari" uid="6075635" lat="28.4119964" lon="83.8198229"/>
 <node id="5858825334" visible="true" version="2" changeset="76891161" timestamp="2019-11-11T07:31:40Z" user="Subash Tiwari" uid="6075635" lat="28.4120271" lon="83.8198176"/>
 <node id="5858825335" visible="true" version="2" changeset="76891161" timestamp="2019-11-11T07:31:40Z" user="Subash Tiwari" uid="6075635" lat="28.4119445" lon="83.8209266"/>
 <node id="5858825336" visible="true" version="2" changeset="76891161" timestamp="2019-11-11T07:31:40Z" user="Subash Tiwari" uid="6075635" lat="28.4120141" lon="83.8208757"/>
 <node id="5858825337" visible="true" version="2" changeset="76891161" timestamp="2019-11-11T07:31:40Z" user="Subash Tiwari" uid="6075635" lat="28.4120259" lon="83.8206477"/>
 <node id="5858825341" visible="true" version="2" changeset="76891161" timestamp="2019-11-11T07:31:40Z" user="Subash Tiwari" uid="6075635" lat="28.4116013" lon="83.8216160"/>
 <node id="5858825342" visible="true" version="2" changeset="76891161" timestamp="2019-11-11T07:31:40Z" user="Subash Tiwari" uid="6075635" lat="28.4116425" lon="83.8215543"/>
 <node id="5858825343" visible="true" version="2" changeset="76891161" timestamp="2019-11-11T07:31:40Z" user="Subash Tiwari" uid="6075635" lat="28.4116579" lon="83.8214618"/>
 <node id="5858825351" visible="true" version="2" changeset="76891161" timestamp="2019-11-11T07:31:40Z" user="Subash Tiwari" uid="6075635" lat="28.4100312" lon="83.8235552"/>
 <node id="5858825352" visible="true" version="3" changeset="145972145" timestamp="2024-01-06T21:27:48Z" user="jean-ray2" uid="11285694" lat="28.4107034" lon="83.8225287"/>
 <node id="5858825353" visible="true" version="2" changeset="76891161" timestamp="2019-11-11T07:31:40Z" user="Subash Tiwari" uid="6075635" lat="28.4109985" lon="83.8220639"/>
 <node id="5858825354" visible="true" version="3" changeset="145972145" timestamp="2024-01-06T21:27:48Z" user="jean-ray2" uid="11285694" lat="28.4110355" lon="83.8218532"/>
 <node id="5858825355" visible="true" version="2" changeset="76891161" timestamp="2019-11-11T07:31:40Z" user="Subash Tiwari" uid="6075635" lat="28.4110551" lon="83.8217286"/>
 <node id="5858825361" visible="true" version="2" changeset="145939494" timestamp="2024-01-05T22:36:04Z" user="jean-ray2" uid="11285694" lat="28.4265901" lon="83.8193906"/>
 <node id="5858825362" visible="true" version="2" changeset="145939494" timestamp="2024-01-05T22:36:04Z" user="jean-ray2" uid="11285694" lat="28.4266854" lon="83.8195122"/>
 <node id="5858825363" visible="true" version="3" changeset="145962367" timestamp="2024-01-06T15:57:05Z" user="jean-ray2" uid="11285694" lat="28.4268333" lon="83.8197376"/>
 <node id="5858825364" visible="true" version="2" changeset="145939494" timestamp="2024-01-05T22:36:04Z" user="jean-ray2" uid="11285694" lat="28.4270558" lon="83.8201065"/>
 <node id="5858825365" visible="true" version="2" changeset="145939494" timestamp="2024-01-05T22:36:04Z" user="jean-ray2" uid="11285694" lat="28.4272871" lon="83.8202674"/>
 <node id="5858825366" visible="true" version="1" changeset="62004171" timestamp="2018-08-26T11:12:45Z" user="Yeti-17" uid="6969191" lat="28.4281800" lon="83.8244283"/>
 <node id="5858825367" visible="true" version="2" changeset="145962367" timestamp="2024-01-06T15:57:05Z" user="jean-ray2" uid="11285694" lat="28.4280807" lon="83.8247059"/>
 <node id="5858825368" visible="true" version="1" changeset="62004171" timestamp="2018-08-26T11:12:45Z" user="Yeti-17" uid="6969191" lat="28.4281282" lon="83.8251311"/>
 <node id="5858825369" visible="true" version="1" changeset="62004171" timestamp="2018-08-26T11:12:45Z" user="Yeti-17" uid="6969191" lat="28.4281282" lon="83.8254046"/>
 <node id="5858825370" visible="true" version="1" changeset="62004171" timestamp="2018-08-26T11:12:45Z" user="Yeti-17" uid="6969191" lat="28.4281588" lon="83.8254771"/>
 <node id="5858825371" visible="true" version="1" changeset="62004171" timestamp="2018-08-26T11:12:45Z" user="Yeti-17" uid="6969191" lat="28.4289113" lon="83.8265043"/>
 <node id="5858825372" visible="true" version="2" changeset="76890375" timestamp="2019-11-11T07:17:49Z" user="Subash Tiwari" uid="6075635" lat="28.4287742" lon="83.8263237"/>
 <node id="5858825373" visible="true" version="1" changeset="62004171" timestamp="2018-08-26T11:12:45Z" user="Yeti-17" uid="6969191" lat="28.4286542" lon="83.8262925"/>
 <node id="5858825374" visible="true" version="1" changeset="62004171" timestamp="2018-08-26T11:12:45Z" user="Yeti-17" uid="6969191" lat="28.4284560" lon="83.8263971"/>
 <node id="5858825396" visible="true" version="1" changeset="62004171" timestamp="2018-08-26T11:12:45Z" user="Yeti-17" uid="6969191" lat="28.4291377" lon="83.8270408"/>
 <node id="5858825397" visible="true" version="1" changeset="62004171" timestamp="2018-08-26T11:12:45Z" user="Yeti-17" uid="6969191" lat="28.4291283" lon="83.8274512"/>
 <node id="5858825398" visible="true" version="1" changeset="62004171" timestamp="2018-08-26T11:12:45Z" user="Yeti-17" uid="6969191" lat="28.4290386" lon="83.8277301"/>
 <node id="5858825399" visible="true" version="1" changeset="62004171" timestamp="2018-08-26T11:12:45Z" user="Yeti-17" uid="6969191" lat="28.4289655" lon="83.8277945"/>
 <node id="5858825400" visible="true" version="1" changeset="62004171" timestamp="2018-08-26T11:12:45Z" user="Yeti-17" uid="6969191" lat="28.4287226" lon="83.8280520"/>
 <node id="5858825401" visible="true" version="2" changeset="145939494" timestamp="2024-01-05T22:36:04Z" user="jean-ray2" uid="11285694" lat="28.4285270" lon="83.8283662"/>
 <node id="5858825402" visible="true" version="1" changeset="62004171" timestamp="2018-08-26T11:12:45Z" user="Yeti-17" uid="6969191" lat="28.4284489" lon="83.8286018"/>
 <node id="5858825403" visible="true" version="3" changeset="145962367" timestamp="2024-01-06T15:57:05Z" user="jean-ray2" uid="11285694" lat="28.4283642" lon="83.8287645"/>
 <node id="5858825404" visible="true" version="1" changeset="62004171" timestamp="2018-08-26T11:12:45Z" user="Yeti-17" uid="6969191" lat="28.4284773" lon="83.8287789"/>
 <node id="5858825405" visible="true" version="1" changeset="62004171" timestamp="2018-08-26T11:12:45Z" user="Yeti-17" uid="6969191" lat="28.4284065" lon="83.8289183"/>
 <node id="5858825406" visible="true" version="1" changeset="62004171" timestamp="2018-08-26T11:12:45Z" user="Yeti-17" uid="6969191" lat="28.4283522" lon="83.8289559"/>
 <node id="5858825407" visible="true" version="1" changeset="62004171" timestamp="2018-08-26T11:12:45Z" user="Yeti-17" uid="6969191" lat="28.4282862" lon="83.8289961"/>
 <node id="5858825408" visible="true" version="1" changeset="62004171" timestamp="2018-08-26T11:12:45Z" user="Yeti-17" uid="6969191" lat="28.4282201" lon="83.8291678"/>
 <node id="5858825409" visible="true" version="1" changeset="62004171" timestamp="2018-08-26T11:12:45Z" user="Yeti-17" uid="6969191" lat="28.4282131" lon="83.8292241"/>
 <node id="5858825414" visible="true" version="1" changeset="62004171" timestamp="2018-08-26T11:12:45Z" user="Yeti-17" uid="6969191" lat="28.4281777" lon="83.8292912"/>
 <node id="5858825415" visible="true" version="2" changeset="76890375" timestamp="2019-11-11T07:17:49Z" user="Subash Tiwari" uid="6075635" lat="28.4281317" lon="83.8294682"/>
 <node id="5858825416" visible="true" version="2" changeset="76890375" timestamp="2019-11-11T07:17:49Z" user="Subash Tiwari" uid="6075635" lat="28.4281600" lon="83.8294917"/>
 <node id="5858825439" visible="true" version="1" changeset="62004171" timestamp="2018-08-26T11:12:46Z" user="Yeti-17" uid="6969191" lat="28.4282673" lon="83.8302112"/>
 <node id="5858825440" visible="true" version="1" changeset="62004171" timestamp="2018-08-26T11:12:46Z" user="Yeti-17" uid="6969191" lat="28.4284136" lon="83.8302219"/>
 <node id="5858825441" visible="true" version="1" changeset="62004171" timestamp="2018-08-26T11:12:46Z" user="Yeti-17" uid="6969191" lat="28.4287037" lon="83.8303775"/>
 <node id="5858825442" visible="true" version="1" changeset="62004171" timestamp="2018-08-26T11:12:46Z" user="Yeti-17" uid="6969191" lat="28.4292887" lon="83.8305169"/>
 <node id="5858825443" visible="true" version="1" changeset="62004171" timestamp="2018-08-26T11:12:46Z" user="Yeti-17" uid="6969191" lat="28.4293901" lon="83.8305867"/>
 <node id="5858825444" visible="true" version="1" changeset="62004171" timestamp="2018-08-26T11:12:46Z" user="Yeti-17" uid="6969191" lat="28.4307558" lon="83.8316166"/>
 <node id="5858825445" visible="true" version="1" changeset="62004171" timestamp="2018-08-26T11:12:46Z" user="Yeti-17" uid="6969191" lat="28.4308289" lon="83.8317373"/>
 <node id="5858825446" visible="true" version="1" changeset="62004171" timestamp="2018-08-26T11:12:46Z" user="Yeti-17" uid="6969191" lat="28.4310058" lon="83.8318714"/>
 <node id="5858825447" visible="true" version="1" changeset="62004171" timestamp="2018-08-26T11:12:46Z" user="Yeti-17" uid="6969191" lat="28.4313431" lon="83.8321584"/>
 <node id="5858825448" visible="true" version="1" changeset="62004171" timestamp="2018-08-26T11:12:46Z" user="Yeti-17" uid="6969191" lat="28.4314115" lon="83.8322818"/>
 <node id="5858825449" visible="true" version="1" changeset="62004171" timestamp="2018-08-26T11:12:46Z" user="Yeti-17" uid="6969191" lat="28.4315177" lon="83.8323945"/>
 <node id="5858825450" visible="true" version="1" changeset="62004171" timestamp="2018-08-26T11:12:46Z" user="Yeti-17" uid="6969191" lat="28.4317064" lon="83.8325340"/>
 <node id="5858825451" visible="true" version="1" changeset="62004171" timestamp="2018-08-26T11:12:46Z" user="Yeti-17" uid="6969191" lat="28.4312110" lon="83.8320914"/>
 <node id="5858825452" visible="true" version="1" changeset="62004171" timestamp="2018-08-26T11:12:46Z" user="Yeti-17" uid="6969191" lat="28.4318738" lon="83.8326788"/>
 <node id="5858825453" visible="true" version="1" changeset="62004171" timestamp="2018-08-26T11:12:46Z" user="Yeti-17" uid="6969191" lat="28.4318785" lon="83.8328612"/>
 <node id="5858825454" visible="true" version="1" changeset="62004171" timestamp="2018-08-26T11:12:46Z" user="Yeti-17" uid="6969191" lat="28.4319776" lon="83.8329631"/>
 <node id="5858825455" visible="true" version="2" changeset="145939494" timestamp="2024-01-05T22:36:04Z" user="jean-ray2" uid="11285694" lat="28.4320399" lon="83.8331126"/>
 <node id="5858825456" visible="true" version="1" changeset="62004171" timestamp="2018-08-26T11:12:46Z" user="Yeti-17" uid="6969191" lat="28.4320908" lon="83.8332957"/>
 <node id="5858825457" visible="true" version="1" changeset="62004171" timestamp="2018-08-26T11:12:46Z" user="Yeti-17" uid="6969191" lat="28.4321852" lon="83.8335746"/>
 <node id="5858825458" visible="true" version="1" changeset="62004171" timestamp="2018-08-26T11:12:46Z" user="Yeti-17" uid="6969191" lat="28.4296613" lon="83.8307583"/>
 <node id="5858825459" visible="true" version="2" changeset="145939494" timestamp="2024-01-05T22:36:04Z" user="jean-ray2" uid="11285694" lat="28.4323234" lon="83.8338871"/>
 <node id="5858825461" visible="true" version="2" changeset="145939494" timestamp="2024-01-05T22:36:04Z" user="jean-ray2" uid="11285694" lat="28.4323784" lon="83.8341961"/>
 <node id="5858825462" visible="true" version="3" changeset="145962367" timestamp="2024-01-06T15:57:05Z" user="jean-ray2" uid="11285694" lat="28.4324661" lon="83.8347811"/>
 <node id="5858825463" visible="true" version="3" changeset="145962367" timestamp="2024-01-06T15:57:05Z" user="jean-ray2" uid="11285694" lat="28.4325250" lon="83.8348857"/>
 <node id="5858825464" visible="true" version="2" changeset="145939494" timestamp="2024-01-05T22:36:04Z" user="jean-ray2" uid="11285694" lat="28.4327950" lon="83.8348755"/>
 <node id="5858825465" visible="true" version="1" changeset="62004171" timestamp="2018-08-26T11:12:46Z" user="Yeti-17" uid="6969191" lat="28.4330249" lon="83.8351893"/>
 <node id="5858825466" visible="true" version="1" changeset="62004171" timestamp="2018-08-26T11:12:46Z" user="Yeti-17" uid="6969191" lat="28.4331947" lon="83.8354093"/>
 <node id="5858825467" visible="true" version="1" changeset="62004171" timestamp="2018-08-26T11:12:46Z" user="Yeti-17" uid="6969191" lat="28.4339730" lon="83.8365331"/>
 <node id="5858825468" visible="true" version="1" changeset="62004171" timestamp="2018-08-26T11:12:46Z" user="Yeti-17" uid="6969191" lat="28.4339565" lon="83.8364527"/>
 <node id="5858825469" visible="true" version="1" changeset="62004171" timestamp="2018-08-26T11:12:46Z" user="Yeti-17" uid="6969191" lat="28.4339094" lon="83.8363802"/>
 <node id="5858825470" visible="true" version="1" changeset="62004171" timestamp="2018-08-26T11:12:46Z" user="Yeti-17" uid="6969191" lat="28.4338009" lon="83.8362622"/>
 <node id="5858825471" visible="true" version="1" changeset="62004171" timestamp="2018-08-26T11:12:46Z" user="Yeti-17" uid="6969191" lat="28.4336876" lon="83.8360798"/>
 <node id="5858825472" visible="true" version="1" changeset="62004171" timestamp="2018-08-26T11:12:46Z" user="Yeti-17" uid="6969191" lat="28.4336027" lon="83.8359618"/>
 <node id="5858825473" visible="true" version="1" changeset="62004171" timestamp="2018-08-26T11:12:46Z" user="Yeti-17" uid="6969191" lat="28.4334471" lon="83.8358089"/>
 <node id="5858825474" visible="true" version="1" changeset="62004171" timestamp="2018-08-26T11:12:46Z" user="Yeti-17" uid="6969191" lat="28.4341004" lon="83.8366592"/>
 <node id="5858825475" visible="true" version="1" changeset="62004171" timestamp="2018-08-26T11:12:46Z" user="Yeti-17" uid="6969191" lat="28.4341051" lon="83.8367531"/>
 <node id="5858825476" visible="true" version="2" changeset="145939494" timestamp="2024-01-05T22:36:04Z" user="jean-ray2" uid="11285694" lat="28.4340952" lon="83.8369211"/>
 <node id="5858825477" visible="true" version="1" changeset="62004171" timestamp="2018-08-26T11:12:46Z" user="Yeti-17" uid="6969191" lat="28.4342160" lon="83.8371205"/>
 <node id="5858825478" visible="true" version="2" changeset="145962367" timestamp="2024-01-06T15:57:05Z" user="jean-ray2" uid="11285694" lat="28.4342783" lon="83.8371575"/>
 <node id="5858825479" visible="true" version="2" changeset="145939494" timestamp="2024-01-05T22:36:04Z" user="jean-ray2" uid="11285694" lat="28.4345405" lon="83.8377268"/>
 <node id="5858825480" visible="true" version="2" changeset="145939494" timestamp="2024-01-05T22:36:04Z" user="jean-ray2" uid="11285694" lat="28.4345638" lon="83.8379052"/>
 <node id="5858825481" visible="true" version="2" changeset="145939494" timestamp="2024-01-05T22:36:04Z" user="jean-ray2" uid="11285694" lat="28.4345639" lon="83.8381603"/>
 <node id="5858825522" visible="true" version="2" changeset="145939494" timestamp="2024-01-05T22:36:04Z" user="jean-ray2" uid="11285694" lat="28.4352087" lon="83.8383397"/>
 <node id="5858825523" visible="true" version="2" changeset="145939494" timestamp="2024-01-05T22:36:04Z" user="jean-ray2" uid="11285694" lat="28.4352850" lon="83.8383459"/>
 <node id="5858825539" visible="true" version="2" changeset="145939494" timestamp="2024-01-05T22:36:04Z" user="jean-ray2" uid="11285694" lat="28.4345919" lon="83.8382095"/>
 <node id="5858825540" visible="true" version="2" changeset="145939494" timestamp="2024-01-05T22:36:04Z" user="jean-ray2" uid="11285694" lat="28.4347293" lon="83.8384194"/>
 <node id="5858825541" visible="true" version="1" changeset="62004171" timestamp="2018-08-26T11:12:47Z" user="Yeti-17" uid="6969191" lat="28.4348646" lon="83.8384214"/>
 <node id="5858825542" visible="true" version="2" changeset="145939494" timestamp="2024-01-05T22:36:04Z" user="jean-ray2" uid="11285694" lat="28.4349906" lon="83.8383648"/>
 <node id="5858825543" visible="true" version="2" changeset="145939494" timestamp="2024-01-05T22:36:04Z" user="jean-ray2" uid="11285694" lat="28.4350814" lon="83.8383477"/>
 <node id="5858825544" visible="true" version="1" changeset="62004171" timestamp="2018-08-26T11:12:47Z" user="Yeti-17" uid="6969191" lat="28.4366336" lon="83.8386762"/>
 <node id="5858825545" visible="true" version="2" changeset="158279200" timestamp="2024-10-24T04:21:02Z" user="smont28" uid="4415167" lat="28.4371923" lon="83.8391481"/>
 <node id="5858825546" visible="true" version="2" changeset="158279200" timestamp="2024-10-24T04:21:02Z" user="smont28" uid="4415167" lat="28.4375638" lon="83.8396084"/>
 <node id="5858825547" visible="true" version="2" changeset="158279200" timestamp="2024-10-24T04:21:02Z" user="smont28" uid="4415167" lat="28.4379281" lon="83.8401190"/>
 <node id="5858825548" visible="true" version="3" changeset="158279200" timestamp="2024-10-24T04:21:02Z" user="smont28" uid="4415167" lat="28.4380851" lon="83.8402487"/>
 <node id="5858825549" visible="true" version="2" changeset="158279200" timestamp="2024-10-24T04:21:02Z" user="smont28" uid="4415167" lat="28.4381889" lon="83.8403549"/>
 <node id="5858825550" visible="true" version="1" changeset="62004171" timestamp="2018-08-26T11:12:47Z" user="Yeti-17" uid="6969191" lat="28.4385699" lon="83.8405806"/>
 <node id="5858825551" visible="true" version="1" changeset="62004171" timestamp="2018-08-26T11:12:47Z" user="Yeti-17" uid="6969191" lat="28.4389048" lon="83.8408864"/>
 <node id="5858825552" visible="true" version="2" changeset="158279344" timestamp="2024-10-24T04:30:20Z" user="smont28" uid="4415167" lat="28.4394002" lon="83.8414416"/>
 <node id="5858825553" visible="true" version="1" changeset="62004171" timestamp="2018-08-26T11:12:47Z" user="Yeti-17" uid="6969191" lat="28.4401289" lon="83.8421792"/>
 <node id="5858825554" visible="true" version="1" changeset="62004171" timestamp="2018-08-26T11:12:47Z" user="Yeti-17" uid="6969191" lat="28.4403601" lon="83.8423321"/>
 <node id="5858825555" visible="true" version="1" changeset="62004171" timestamp="2018-08-26T11:12:47Z" user="Yeti-17" uid="6969191" lat="28.4406384" lon="83.8423026"/>
 <node id="5858825556" visible="true" version="1" changeset="62004171" timestamp="2018-08-26T11:12:47Z" user="Yeti-17" uid="6969191" lat="28.4407138" lon="83.8422114"/>
 <node id="5858825557" visible="true" version="1" changeset="62004171" timestamp="2018-08-26T11:12:47Z" user="Yeti-17" uid="6969191" lat="28.4408836" lon="83.8423964"/>
 <node id="5858825558" visible="true" version="1" changeset="62004171" timestamp="2018-08-26T11:12:47Z" user="Yeti-17" uid="6969191" lat="28.4409119" lon="83.8424930"/>
 <node id="5858825559" visible="true" version="1" changeset="62004171" timestamp="2018-08-26T11:12:47Z" user="Yeti-17" uid="6969191" lat="28.4409591" lon="83.8426137"/>
 <node id="5858825560" visible="true" version="1" changeset="62004171" timestamp="2018-08-26T11:12:47Z" user="Yeti-17" uid="6969191" lat="28.4410912" lon="83.8427961"/>
 <node id="5858825561" visible="true" version="1" changeset="62004171" timestamp="2018-08-26T11:12:47Z" user="Yeti-17" uid="6969191" lat="28.4411242" lon="83.8428068"/>
 <node id="5858825562" visible="true" version="1" changeset="62004171" timestamp="2018-08-26T11:12:47Z" user="Yeti-17" uid="6969191" lat="28.4412185" lon="83.8428712"/>
 <node id="5858825563" visible="true" version="1" changeset="62004171" timestamp="2018-08-26T11:12:47Z" user="Yeti-17" uid="6969191" lat="28.4413270" lon="83.8429999"/>
 <node id="5858825564" visible="true" version="1" changeset="62004171" timestamp="2018-08-26T11:12:47Z" user="Yeti-17" uid="6969191" lat="28.4414709" lon="83.8431206"/>
 <node id="5858825565" visible="true" version="1" changeset="62004171" timestamp="2018-08-26T11:12:47Z" user="Yeti-17" uid="6969191" lat="28.4418954" lon="83.8436276"/>
 <node id="5858825566" visible="true" version="1" changeset="62004171" timestamp="2018-08-26T11:12:47Z" user="Yeti-17" uid="6969191" lat="28.4420016" lon="83.8437295"/>
 <node id="5858825567" visible="true" version="1" changeset="62004171" timestamp="2018-08-26T11:12:47Z" user="Yeti-17" uid="6969191" lat="28.4421902" lon="83.8439897"/>
 <node id="5858825568" visible="true" version="1" changeset="62004171" timestamp="2018-08-26T11:12:47Z" user="Yeti-17" uid="6969191" lat="28.4423365" lon="83.8440433"/>
 <node id="5858825569" visible="true" version="1" changeset="62004171" timestamp="2018-08-26T11:12:47Z" user="Yeti-17" uid="6969191" lat="28.4427539" lon="83.8441586"/>
 <node id="5858825570" visible="true" version="1" changeset="62004171" timestamp="2018-08-26T11:12:47Z" user="Yeti-17" uid="6969191" lat="28.4430511" lon="83.8440862"/>
 <node id="5858825571" visible="true" version="2" changeset="145962367" timestamp="2024-01-06T15:57:05Z" user="jean-ray2" uid="11285694" lat="28.4431614" lon="83.8441018"/>
 <node id="5858825572" visible="true" version="3" changeset="145962367" timestamp="2024-01-06T15:57:05Z" user="jean-ray2" uid="11285694" lat="28.4432881" lon="83.8442640"/>
 <node id="5858825573" visible="true" version="3" changeset="145962367" timestamp="2024-01-06T15:57:05Z" user="jean-ray2" uid="11285694" lat="28.4433754" lon="83.8443811"/>
 <node id="5858825574" visible="true" version="2" changeset="145962367" timestamp="2024-01-06T15:57:05Z" user="jean-ray2" uid="11285694" lat="28.4434023" lon="83.8441946"/>
 <node id="5858825575" visible="true" version="1" changeset="62004171" timestamp="2018-08-26T11:12:47Z" user="Yeti-17" uid="6969191" lat="28.4443789" lon="83.8450170"/>
 <node id="5858825576" visible="true" version="2" changeset="158279200" timestamp="2024-10-24T04:21:02Z" user="smont28" uid="4415167" lat="28.4447726" lon="83.8456009"/>
 <node id="5858825577" visible="true" version="1" changeset="62004171" timestamp="2018-08-26T11:12:47Z" user="Yeti-17" uid="6969191" lat="28.4451784" lon="83.8454112"/>
 <node id="5858825578" visible="true" version="1" changeset="62004171" timestamp="2018-08-26T11:12:47Z" user="Yeti-17" uid="6969191" lat="28.4452727" lon="83.8453978"/>
 <node id="5858825579" visible="true" version="1" changeset="62004171" timestamp="2018-08-26T11:12:47Z" user="Yeti-17" uid="6969191" lat="28.4453600" lon="83.8454300"/>
 <node id="5858825580" visible="true" version="1" changeset="62004171" timestamp="2018-08-26T11:12:47Z" user="Yeti-17" uid="6969191" lat="28.4455816" lon="83.8454568"/>
 <node id="5858825581" visible="true" version="1" changeset="62004171" timestamp="2018-08-26T11:12:47Z" user="Yeti-17" uid="6969191" lat="28.4458175" lon="83.8454676"/>
 <node id="5858825582" visible="true" version="1" changeset="62004171" timestamp="2018-08-26T11:12:47Z" user="Yeti-17" uid="6969191" lat="28.4461618" lon="83.8456660"/>
 <node id="5858825583" visible="true" version="1" changeset="62004171" timestamp="2018-08-26T11:12:47Z" user="Yeti-17" uid="6969191" lat="28.4462609" lon="83.8457680"/>
 <node id="5858825584" visible="true" version="1" changeset="62004171" timestamp="2018-08-26T11:12:48Z" user="Yeti-17" uid="6969191" lat="28.4463505" lon="83.8457090"/>
 <node id="5858825585" visible="true" version="1" changeset="62004171" timestamp="2018-08-26T11:12:48Z" user="Yeti-17" uid="6969191" lat="28.4467608" lon="83.8456714"/>
 <node id="5858825586" visible="true" version="1" changeset="62004171" timestamp="2018-08-26T11:12:48Z" user="Yeti-17" uid="6969191" lat="28.4473080" lon="83.8457036"/>
 <node id="5858825587" visible="true" version="1" changeset="62004171" timestamp="2018-08-26T11:12:48Z" user="Yeti-17" uid="6969191" lat="28.4474778" lon="83.8457036"/>
 <node id="5858825588" visible="true" version="1" changeset="62004171" timestamp="2018-08-26T11:12:48Z" user="Yeti-17" uid="6969191" lat="28.4477278" lon="83.8455909"/>
 <node id="5858825589" visible="true" version="1" changeset="62004171" timestamp="2018-08-26T11:12:48Z" user="Yeti-17" uid="6969191" lat="28.4481051" lon="83.8455802"/>
 <node id="5858825590" visible="true" version="1" changeset="62004171" timestamp="2018-08-26T11:12:48Z" user="Yeti-17" uid="6969191" lat="28.4484565" lon="83.8457465"/>
 <node id="5858825591" visible="true" version="1" changeset="62004171" timestamp="2018-08-26T11:12:48Z" user="Yeti-17" uid="6969191" lat="28.4485956" lon="83.8458243"/>
 <node id="5858825592" visible="true" version="1" changeset="62004171" timestamp="2018-08-26T11:12:48Z" user="Yeti-17" uid="6969191" lat="28.4487112" lon="83.8458645"/>
 <node id="5858825593" visible="true" version="1" changeset="62004171" timestamp="2018-08-26T11:12:48Z" user="Yeti-17" uid="6969191" lat="28.4488692" lon="83.8458404"/>
 <node id="5858825594" visible="true" version="1" changeset="62004171" timestamp="2018-08-26T11:12:48Z" user="Yeti-17" uid="6969191" lat="28.4489447" lon="83.8458350"/>
 <node id="5858825595" visible="true" version="1" changeset="62004171" timestamp="2018-08-26T11:12:48Z" user="Yeti-17" uid="6969191" lat="28.4489871" lon="83.8458726"/>
 <node id="5858825596" visible="true" version="2" changeset="83505473" timestamp="2020-04-14T04:26:53Z" user="LomasDelGuijarro" uid="9388985" lat="28.4491145" lon="83.8459906"/>
 <node id="5858825597" visible="true" version="2" changeset="83505473" timestamp="2020-04-14T04:26:53Z" user="LomasDelGuijarro" uid="9388985" lat="28.4492088" lon="83.8461274"/>
 <node id="5858825598" visible="true" version="1" changeset="62004171" timestamp="2018-08-26T11:12:48Z" user="Yeti-17" uid="6969191" lat="28.4492795" lon="83.8462293"/>
 <node id="5858825599" visible="true" version="1" changeset="62004171" timestamp="2018-08-26T11:12:48Z" user="Yeti-17" uid="6969191" lat="28.4493597" lon="83.8463473"/>
 <node id="5858825600" visible="true" version="1" changeset="62004171" timestamp="2018-08-26T11:12:48Z" user="Yeti-17" uid="6969191" lat="28.4495272" lon="83.8467309"/>
 <node id="5858825601" visible="true" version="1" changeset="62004171" timestamp="2018-08-26T11:12:48Z" user="Yeti-17" uid="6969191" lat="28.4495838" lon="83.8469481"/>
 <node id="5858825602" visible="true" version="1" changeset="62004171" timestamp="2018-08-26T11:12:48Z" user="Yeti-17" uid="6969191" lat="28.4498267" lon="83.8473371"/>
 <node id="5858825603" visible="true" version="1" changeset="62004171" timestamp="2018-08-26T11:12:48Z" user="Yeti-17" uid="6969191" lat="28.4499658" lon="83.8475007"/>
 <node id="5858825604" visible="true" version="1" changeset="62004171" timestamp="2018-08-26T11:12:48Z" user="Yeti-17" uid="6969191" lat="28.4500979" lon="83.8476187"/>
 <node id="5858825605" visible="true" version="1" changeset="62004171" timestamp="2018-08-26T11:12:48Z" user="Yeti-17" uid="6969191" lat="28.4502889" lon="83.8477206"/>
 <node id="5858825606" visible="true" version="1" changeset="62004171" timestamp="2018-08-26T11:12:48Z" user="Yeti-17" uid="6969191" lat="28.4504186" lon="83.8477448"/>
 <node id="5858825607" visible="true" version="1" changeset="62004171" timestamp="2018-08-26T11:12:48Z" user="Yeti-17" uid="6969191" lat="28.4504516" lon="83.8479137"/>
 <node id="5858825608" visible="true" version="1" changeset="62004171" timestamp="2018-08-26T11:12:48Z" user="Yeti-17" uid="6969191" lat="28.4504092" lon="83.8480291"/>
 <node id="5858825609" visible="true" version="1" changeset="62004171" timestamp="2018-08-26T11:12:48Z" user="Yeti-17" uid="6969191" lat="28.4504657" lon="83.8482624"/>
 <node id="5858825610" visible="true" version="1" changeset="62004171" timestamp="2018-08-26T11:12:48Z" user="Yeti-17" uid="6969191" lat="28.4504988" lon="83.8483912"/>
 <node id="5858825611" visible="true" version="1" changeset="62004171" timestamp="2018-08-26T11:12:48Z" user="Yeti-17" uid="6969191" lat="28.4505412" lon="83.8486594"/>
 <node id="5858825612" visible="true" version="1" changeset="62004171" timestamp="2018-08-26T11:12:48Z" user="Yeti-17" uid="6969191" lat="28.4505837" lon="83.8494909"/>
 <node id="5858825613" visible="true" version="1" changeset="62004171" timestamp="2018-08-26T11:12:48Z" user="Yeti-17" uid="6969191" lat="28.4507039" lon="83.8499817"/>
 <node id="5858825614" visible="true" version="1" changeset="62004171" timestamp="2018-08-26T11:12:48Z" user="Yeti-17" uid="6969191" lat="28.4508124" lon="83.8501024"/>
 <node id="5858825615" visible="true" version="1" changeset="62004171" timestamp="2018-08-26T11:12:48Z" user="Yeti-17" uid="6969191" lat="28.4509327" lon="83.8502821"/>
 <node id="5858825616" visible="true" version="1" changeset="62004171" timestamp="2018-08-26T11:12:48Z" user="Yeti-17" uid="6969191" lat="28.4511449" lon="83.8504538"/>
 <node id="5858825617" visible="true" version="1" changeset="62004171" timestamp="2018-08-26T11:12:48Z" user="Yeti-17" uid="6969191" lat="28.4512322" lon="83.8504565"/>
 <node id="5858825618" visible="true" version="1" changeset="62004171" timestamp="2018-08-26T11:12:48Z" user="Yeti-17" uid="6969191" lat="28.4512982" lon="83.8504028"/>
 <node id="5858825619" visible="true" version="1" changeset="62004171" timestamp="2018-08-26T11:12:48Z" user="Yeti-17" uid="6969191" lat="28.4513855" lon="83.8503411"/>
 <node id="5858825620" visible="true" version="1" changeset="62004171" timestamp="2018-08-26T11:12:48Z" user="Yeti-17" uid="6969191" lat="28.4514185" lon="83.8502365"/>
 <node id="5858825621" visible="true" version="1" changeset="62004171" timestamp="2018-08-26T11:12:48Z" user="Yeti-17" uid="6969191" lat="28.4515034" lon="83.8501132"/>
 <node id="5858825622" visible="true" version="2" changeset="145962367" timestamp="2024-01-06T15:57:05Z" user="jean-ray2" uid="11285694" lat="28.4518156" lon="83.8499910"/>
 <node id="5858825623" visible="true" version="2" changeset="145962367" timestamp="2024-01-06T15:57:05Z" user="jean-ray2" uid="11285694" lat="28.4519123" lon="83.8499953"/>
 <node id="5858825624" visible="true" version="1" changeset="62004171" timestamp="2018-08-26T11:12:48Z" user="Yeti-17" uid="6969191" lat="28.4520929" lon="83.8501373"/>
 <node id="5858825625" visible="true" version="1" changeset="62004171" timestamp="2018-08-26T11:12:48Z" user="Yeti-17" uid="6969191" lat="28.4521826" lon="83.8502741"/>
 <node id="5858825626" visible="true" version="1" changeset="62004171" timestamp="2018-08-26T11:12:48Z" user="Yeti-17" uid="6969191" lat="28.4523075" lon="83.8504457"/>
 <node id="5858825627" visible="true" version="2" changeset="145962367" timestamp="2024-01-06T15:57:05Z" user="jean-ray2" uid="11285694" lat="28.4527570" lon="83.8509217"/>
 <node id="5858825628" visible="true" version="2" changeset="145962367" timestamp="2024-01-06T15:57:05Z" user="jean-ray2" uid="11285694" lat="28.4526188" lon="83.8508024"/>
 <node id="5858825629" visible="true" version="1" changeset="62004171" timestamp="2018-08-26T11:12:48Z" user="Yeti-17" uid="6969191" lat="28.4524278" lon="83.8506362"/>
 <node id="5858825630" visible="true" version="2" changeset="145962367" timestamp="2024-01-06T15:57:05Z" user="jean-ray2" uid="11285694" lat="28.4533934" lon="83.8518560"/>
 <node id="5858825631" visible="true" version="2" changeset="145962367" timestamp="2024-01-06T15:57:05Z" user="jean-ray2" uid="11285694" lat="28.4532540" lon="83.8516762"/>
 <node id="5858825632" visible="true" version="2" changeset="145962367" timestamp="2024-01-06T15:57:05Z" user="jean-ray2" uid="11285694" lat="28.4530283" lon="83.8513807"/>
 <node id="5858825633" visible="true" version="1" changeset="62004171" timestamp="2018-08-26T11:12:48Z" user="Yeti-17" uid="6969191" lat="28.4528570" lon="83.8510814"/>
 <node id="5858825634" visible="true" version="2" changeset="145962367" timestamp="2024-01-06T15:57:05Z" user="jean-ray2" uid="11285694" lat="28.4536012" lon="83.8526414"/>
 <node id="5858825635" visible="true" version="2" changeset="145962367" timestamp="2024-01-06T15:57:05Z" user="jean-ray2" uid="11285694" lat="28.4535209" lon="83.8524229"/>
 <node id="5858825636" visible="true" version="2" changeset="145962367" timestamp="2024-01-06T15:57:05Z" user="jean-ray2" uid="11285694" lat="28.4535318" lon="83.8522889"/>
 <node id="5858825637" visible="true" version="1" changeset="62004171" timestamp="2018-08-26T11:12:48Z" user="Yeti-17" uid="6969191" lat="28.4537343" lon="83.8529080"/>
 <node id="5858825638" visible="true" version="1" changeset="62004171" timestamp="2018-08-26T11:12:48Z" user="Yeti-17" uid="6969191" lat="28.4538828" lon="83.8533533"/>
 <node id="5858825639" visible="true" version="1" changeset="62004171" timestamp="2018-08-26T11:12:48Z" user="Yeti-17" uid="6969191" lat="28.4539866" lon="83.8536912"/>
 <node id="5858825640" visible="true" version="1" changeset="62004171" timestamp="2018-08-26T11:12:48Z" user="Yeti-17" uid="6969191" lat="28.4541753" lon="83.8541204"/>
 <node id="5858825641" visible="true" version="2" changeset="158279200" timestamp="2024-10-24T04:21:02Z" user="smont28" uid="4415167" lat="28.4544068" lon="83.8546121"/>
 <node id="5858825642" visible="true" version="2" changeset="158279200" timestamp="2024-10-24T04:21:02Z" user="smont28" uid="4415167" lat="28.4544957" lon="83.8547612"/>
 <node id="5858825643" visible="true" version="2" changeset="158279200" timestamp="2024-10-24T04:21:02Z" user="smont28" uid="4415167" lat="28.4548179" lon="83.8552415"/>
 <node id="5858825644" visible="true" version="2" changeset="158279200" timestamp="2024-10-24T04:21:02Z" user="smont28" uid="4415167" lat="28.4545867" lon="83.8548680"/>
 <node id="5858825645" visible="true" version="2" changeset="158279200" timestamp="2024-10-24T04:21:02Z" user="smont28" uid="4415167" lat="28.4546702" lon="83.8550467"/>
 <node id="5858825646" visible="true" version="1" changeset="62004171" timestamp="2018-08-26T11:12:48Z" user="Yeti-17" uid="6969191" lat="28.4551728" lon="83.8555473"/>
 <node id="5858825647" visible="true" version="1" changeset="62004171" timestamp="2018-08-26T11:12:48Z" user="Yeti-17" uid="6969191" lat="28.4553237" lon="83.8555822"/>
 <node id="5858825648" visible="true" version="2" changeset="158279200" timestamp="2024-10-24T04:21:02Z" user="smont28" uid="4415167" lat="28.4556585" lon="83.8557924"/>
 <node id="5858825649" visible="true" version="2" changeset="158279200" timestamp="2024-10-24T04:21:02Z" user="smont28" uid="4415167" lat="28.4557280" lon="83.8559592"/>
 <node id="5858825651" visible="true" version="2" changeset="76890347" timestamp="2019-11-11T07:15:53Z" user="krschap" uid="7004124" lat="28.4562056" lon="83.8563573"/>
 <node id="5858825652" visible="true" version="1" changeset="62004171" timestamp="2018-08-26T11:12:48Z" user="Yeti-17" uid="6969191" lat="28.4564226" lon="83.8565102"/>
 <node id="5858825667" visible="true" version="1" changeset="62004171" timestamp="2018-08-26T11:12:49Z" user="Yeti-17" uid="6969191" lat="28.4579294" lon="83.8571432"/>
 <node id="5858825668" visible="true" version="1" changeset="62004171" timestamp="2018-08-26T11:12:49Z" user="Yeti-17" uid="6969191" lat="28.4579860" lon="83.8571982"/>
 <node id="5858825669" visible="true" version="1" changeset="62004171" timestamp="2018-08-26T11:12:49Z" user="Yeti-17" uid="6969191" lat="28.4581134" lon="83.8573658"/>
 <node id="5858825670" visible="true" version="1" changeset="62004171" timestamp="2018-08-26T11:12:49Z" user="Yeti-17" uid="6969191" lat="28.4584187" lon="83.8576287"/>
 <node id="5858825671" visible="true" version="1" changeset="62004171" timestamp="2018-08-26T11:12:49Z" user="Yeti-17" uid="6969191" lat="28.4585649" lon="83.8577011"/>
 <node id="5858825672" visible="true" version="1" changeset="62004171" timestamp="2018-08-26T11:12:49Z" user="Yeti-17" uid="6969191" lat="28.4588243" lon="83.8579546"/>
 <node id="5858825673" visible="true" version="1" changeset="62004171" timestamp="2018-08-26T11:12:49Z" user="Yeti-17" uid="6969191" lat="28.4588514" lon="83.8580310"/>
 <node id="5858825674" visible="true" version="1" changeset="62004171" timestamp="2018-08-26T11:12:49Z" user="Yeti-17" uid="6969191" lat="28.4590318" lon="83.8581182"/>
 <node id="5858825675" visible="true" version="1" changeset="62004171" timestamp="2018-08-26T11:12:49Z" user="Yeti-17" uid="6969191" lat="28.4591203" lon="83.8581450"/>
 <node id="5858825676" visible="true" version="1" changeset="62004171" timestamp="2018-08-26T11:12:49Z" user="Yeti-17" uid="6969191" lat="28.4592276" lon="83.8581665"/>
 <node id="5858825677" visible="true" version="1" changeset="62004171" timestamp="2018-08-26T11:12:49Z" user="Yeti-17" uid="6969191" lat="28.4595801" lon="83.8585353"/>
 <node id="5858825678" visible="true" version="2" changeset="145949660" timestamp="2024-01-06T09:40:10Z" user="jean-ray2" uid="11285694" lat="28.4595058" lon="83.8585190"/>
 <node id="5858825679" visible="true" version="2" changeset="145949660" timestamp="2024-01-06T09:40:10Z" user="jean-ray2" uid="11285694" lat="28.4595519" lon="83.8584619"/>
 <node id="5858825680" visible="true" version="2" changeset="145962367" timestamp="2024-01-06T15:57:05Z" user="jean-ray2" uid="11285694" lat="28.4596120" lon="83.8583540"/>
 <node id="5858825681" visible="true" version="2" changeset="145962367" timestamp="2024-01-06T15:57:05Z" user="jean-ray2" uid="11285694" lat="28.4595718" lon="83.8583467"/>
 <node id="5858825682" visible="true" version="2" changeset="145962367" timestamp="2024-01-06T15:57:05Z" user="jean-ray2" uid="11285694" lat="28.4595032" lon="83.8583783"/>
 <node id="5858825683" visible="true" version="1" changeset="62004171" timestamp="2018-08-26T11:12:49Z" user="Yeti-17" uid="6969191" lat="28.4594575" lon="83.8583140"/>
 <node id="5858825684" visible="true" version="1" changeset="62004171" timestamp="2018-08-26T11:12:49Z" user="Yeti-17" uid="6969191" lat="28.4594021" lon="83.8582925"/>
 <node id="5858825685" visible="true" version="1" changeset="62004171" timestamp="2018-08-26T11:12:49Z" user="Yeti-17" uid="6969191" lat="28.4593372" lon="83.8582604"/>
 <node id="5858825686" visible="true" version="1" changeset="62004171" timestamp="2018-08-26T11:12:49Z" user="Yeti-17" uid="6969191" lat="28.4595188" lon="83.8585393"/>
 <node id="5858825687" visible="true" version="2" changeset="145962367" timestamp="2024-01-06T15:57:05Z" user="jean-ray2" uid="11285694" lat="28.4597549" lon="83.8585467"/>
 <node id="5858825688" visible="true" version="1" changeset="62004171" timestamp="2018-08-26T11:12:49Z" user="Yeti-17" uid="6969191" lat="28.4596744" lon="83.8586265"/>
 <node id="5858825689" visible="true" version="2" changeset="145949660" timestamp="2024-01-06T09:40:10Z" user="jean-ray2" uid="11285694" lat="28.4596092" lon="83.8586635"/>
 <node id="5858825690" visible="true" version="1" changeset="62004171" timestamp="2018-08-26T11:12:49Z" user="Yeti-17" uid="6969191" lat="28.4598277" lon="83.8588920"/>
 <node id="5858825691" visible="true" version="1" changeset="62004171" timestamp="2018-08-26T11:12:49Z" user="Yeti-17" uid="6969191" lat="28.4599951" lon="83.8590395"/>
 <node id="5858825692" visible="true" version="2" changeset="76904982" timestamp="2019-11-11T11:42:28Z" user="krschap" uid="7004124" lat="28.4601107" lon="83.8591737"/>
 <node id="5858825693" visible="true" version="2" changeset="76904982" timestamp="2019-11-11T11:42:28Z" user="krschap" uid="7004124" lat="28.4602073" lon="83.8593507"/>
 <node id="5858825694" visible="true" version="2" changeset="76904982" timestamp="2019-11-11T11:42:28Z" user="krschap" uid="7004124" lat="28.4602615" lon="83.8594177"/>
 <node id="5858825695" visible="true" version="3" changeset="158279344" timestamp="2024-10-24T04:30:20Z" user="smont28" uid="4415167" lat="28.4603797" lon="83.8595761"/>
 <node id="5858825696" visible="true" version="1" changeset="62004171" timestamp="2018-08-26T11:12:49Z" user="Yeti-17" uid="6969191" lat="28.4606742" lon="83.8599434"/>
 <node id="5858825697" visible="true" version="1" changeset="62004171" timestamp="2018-08-26T11:12:49Z" user="Yeti-17" uid="6969191" lat="28.4607992" lon="83.8600427"/>
 <node id="5858825698" visible="true" version="1" changeset="62004171" timestamp="2018-08-26T11:12:49Z" user="Yeti-17" uid="6969191" lat="28.4609454" lon="83.8601124"/>
 <node id="5858825699" visible="true" version="1" changeset="62004171" timestamp="2018-08-26T11:12:49Z" user="Yeti-17" uid="6969191" lat="28.4610586" lon="83.8602358"/>
 <node id="5858825700" visible="true" version="1" changeset="62004171" timestamp="2018-08-26T11:12:49Z" user="Yeti-17" uid="6969191" lat="28.4611883" lon="83.8603994"/>
 <node id="5858825701" visible="true" version="1" changeset="62004171" timestamp="2018-08-26T11:12:49Z" user="Yeti-17" uid="6969191" lat="28.4612637" lon="83.8604799"/>
 <node id="5858825702" visible="true" version="1" changeset="62004171" timestamp="2018-08-26T11:12:49Z" user="Yeti-17" uid="6969191" lat="28.4613604" lon="83.8606381"/>
 <node id="5858825703" visible="true" version="1" changeset="62004171" timestamp="2018-08-26T11:12:49Z" user="Yeti-17" uid="6969191" lat="28.4616175" lon="83.8608339"/>
 <node id="5858825704" visible="true" version="1" changeset="62004171" timestamp="2018-08-26T11:12:49Z" user="Yeti-17" uid="6969191" lat="28.4617825" lon="83.8608956"/>
 <node id="5858825705" visible="true" version="1" changeset="62004171" timestamp="2018-08-26T11:12:49Z" user="Yeti-17" uid="6969191" lat="28.4619381" lon="83.8609225"/>
 <node id="5858825706" visible="true" version="1" changeset="62004171" timestamp="2018-08-26T11:12:49Z" user="Yeti-17" uid="6969191" lat="28.4620419" lon="83.8610083"/>
 <node id="5858825707" visible="true" version="1" changeset="62004171" timestamp="2018-08-26T11:12:49Z" user="Yeti-17" uid="6969191" lat="28.4622989" lon="83.8610566"/>
 <node id="5858825708" visible="true" version="2" changeset="76904982" timestamp="2019-11-11T11:42:28Z" user="krschap" uid="7004124" lat="28.4623637" lon="83.8610378"/>
 <node id="5858825709" visible="true" version="3" changeset="145962367" timestamp="2024-01-06T15:57:05Z" user="jean-ray2" uid="11285694" lat="28.4624930" lon="83.8611035"/>
 <node id="5858825710" visible="true" version="2" changeset="76904982" timestamp="2019-11-11T11:42:28Z" user="krschap" uid="7004124" lat="28.4629191" lon="83.8610753"/>
 <node id="5858825711" visible="true" version="2" changeset="76904982" timestamp="2019-11-11T11:42:28Z" user="krschap" uid="7004124" lat="28.4630028" lon="83.8610136"/>
 <node id="5858825712" visible="true" version="2" changeset="76904982" timestamp="2019-11-11T11:42:28Z" user="krschap" uid="7004124" lat="28.4634284" lon="83.8609466"/>
 <node id="5858825713" visible="true" version="2" changeset="76904982" timestamp="2019-11-11T11:42:28Z" user="krschap" uid="7004124" lat="28.4636076" lon="83.8611572"/>
 <node id="5858825714" visible="true" version="2" changeset="76904982" timestamp="2019-11-11T11:42:28Z" user="krschap" uid="7004124" lat="28.4636407" lon="83.8610244"/>
 <node id="5858825715" visible="true" version="1" changeset="62004171" timestamp="2018-08-26T11:12:49Z" user="Yeti-17" uid="6969191" lat="28.4637750" lon="83.8614213"/>
 <node id="5858825716" visible="true" version="1" changeset="62004171" timestamp="2018-08-26T11:12:49Z" user="Yeti-17" uid="6969191" lat="28.4639212" lon="83.8616064"/>
 <node id="5858825717" visible="true" version="1" changeset="62004171" timestamp="2018-08-26T11:12:49Z" user="Yeti-17" uid="6969191" lat="28.4638576" lon="83.8619900"/>
 <node id="5858825718" visible="true" version="1" changeset="62004171" timestamp="2018-08-26T11:12:49Z" user="Yeti-17" uid="6969191" lat="28.4640603" lon="83.8621134"/>
 <node id="5858825719" visible="true" version="1" changeset="62004171" timestamp="2018-08-26T11:12:49Z" user="Yeti-17" uid="6969191" lat="28.4643009" lon="83.8623440"/>
 <node id="5858825720" visible="true" version="1" changeset="62004171" timestamp="2018-08-26T11:12:49Z" user="Yeti-17" uid="6969191" lat="28.4646027" lon="83.8624406"/>
 <node id="5858825721" visible="true" version="1" changeset="62004171" timestamp="2018-08-26T11:12:49Z" user="Yeti-17" uid="6969191" lat="28.4649092" lon="83.8625371"/>
 <node id="5858825722" visible="true" version="1" changeset="62004171" timestamp="2018-08-26T11:12:49Z" user="Yeti-17" uid="6969191" lat="28.4650601" lon="83.8626283"/>
 <node id="5858825723" visible="true" version="2" changeset="167719681" timestamp="2025-06-17T03:49:49Z" user="BaboucheVerte" uid="6296343" lat="28.4653431" lon="83.8628429">
  <tag k="ford" v="yes"/>
 </node>
 <node id="5858825724" visible="true" version="2" changeset="158279279" timestamp="2024-10-24T04:26:47Z" user="smont28" uid="4415167" lat="28.4654882" lon="83.8632353"/>
 <node id="5858825725" visible="true" version="2" changeset="158279279" timestamp="2024-10-24T04:26:47Z" user="smont28" uid="4415167" lat="28.4655550" lon="83.8633920"/>
 <node id="5858825726" visible="true" version="2" changeset="158279279" timestamp="2024-10-24T04:26:47Z" user="smont28" uid="4415167" lat="28.4655762" lon="83.8637523"/>
 <node id="5858825727" visible="true" version="1" changeset="62004171" timestamp="2018-08-26T11:12:49Z" user="Yeti-17" uid="6969191" lat="28.4656920" lon="83.8641411"/>
 <node id="5858825728" visible="true" version="1" changeset="62004171" timestamp="2018-08-26T11:12:49Z" user="Yeti-17" uid="6969191" lat="28.4659656" lon="83.8645327"/>
 <node id="5858825729" visible="true" version="1" changeset="62004171" timestamp="2018-08-26T11:12:49Z" user="Yeti-17" uid="6969191" lat="28.4659939" lon="83.8646614"/>
 <node id="5858825730" visible="true" version="1" changeset="62004171" timestamp="2018-08-26T11:12:50Z" user="Yeti-17" uid="6969191" lat="28.4662108" lon="83.8649028"/>
 <node id="5858825731" visible="true" version="1" changeset="62004171" timestamp="2018-08-26T11:12:50Z" user="Yeti-17" uid="6969191" lat="28.4662721" lon="83.8650477"/>
 <node id="5858825732" visible="true" version="1" changeset="62004171" timestamp="2018-08-26T11:12:50Z" user="Yeti-17" uid="6969191" lat="28.4664041" lon="83.8651282"/>
 <node id="5858825733" visible="true" version="1" changeset="62004171" timestamp="2018-08-26T11:12:50Z" user="Yeti-17" uid="6969191" lat="28.4664324" lon="83.8651979"/>
 <node id="5858825734" visible="true" version="1" changeset="62004171" timestamp="2018-08-26T11:12:50Z" user="Yeti-17" uid="6969191" lat="28.4665739" lon="83.8653213"/>
 <node id="5858825735" visible="true" version="1" changeset="62004171" timestamp="2018-08-26T11:12:50Z" user="Yeti-17" uid="6969191" lat="28.4667248" lon="83.8654500"/>
 <node id="5858825736" visible="true" version="1" changeset="62004171" timestamp="2018-08-26T11:12:50Z" user="Yeti-17" uid="6969191" lat="28.4668380" lon="83.8654447"/>
 <node id="5858825737" visible="true" version="1" changeset="62004171" timestamp="2018-08-26T11:12:50Z" user="Yeti-17" uid="6969191" lat="28.4671257" lon="83.8657719"/>
 <node id="5858825738" visible="true" version="1" changeset="62004171" timestamp="2018-08-26T11:12:50Z" user="Yeti-17" uid="6969191" lat="28.4672860" lon="83.8659865"/>
 <node id="5858825739" visible="true" version="1" changeset="62004171" timestamp="2018-08-26T11:12:50Z" user="Yeti-17" uid="6969191" lat="28.4674086" lon="83.8661689"/>
 <node id="5858825740" visible="true" version="1" changeset="62004171" timestamp="2018-08-26T11:12:50Z" user="Yeti-17" uid="6969191" lat="28.4677057" lon="83.8664478"/>
 <node id="5858825741" visible="true" version="1" changeset="62004171" timestamp="2018-08-26T11:12:50Z" user="Yeti-17" uid="6969191" lat="28.4678991" lon="83.8665068"/>
 <node id="5858825742" visible="true" version="1" changeset="62004171" timestamp="2018-08-26T11:12:50Z" user="Yeti-17" uid="6969191" lat="28.4681490" lon="83.8667804"/>
 <node id="5858825743" visible="true" version="1" changeset="62004171" timestamp="2018-08-26T11:12:50Z" user="Yeti-17" uid="6969191" lat="28.4689035" lon="83.8679633"/>
 <node id="5858825744" visible="true" version="1" changeset="62004171" timestamp="2018-08-26T11:12:50Z" user="Yeti-17" uid="6969191" lat="28.4690686" lon="83.8682288"/>
 <node id="5858825745" visible="true" version="1" changeset="62004171" timestamp="2018-08-26T11:12:50Z" user="Yeti-17" uid="6969191" lat="28.4693185" lon="83.8681939"/>
 <node id="5858825746" visible="true" version="2" changeset="145962367" timestamp="2024-01-06T15:57:05Z" user="jean-ray2" uid="11285694" lat="28.4693791" lon="83.8681664"/>
 <node id="5858825747" visible="true" version="2" changeset="145962367" timestamp="2024-01-06T15:57:05Z" user="jean-ray2" uid="11285694" lat="28.4694372" lon="83.8684595"/>
 <node id="5858825748" visible="true" version="1" changeset="62004171" timestamp="2018-08-26T11:12:50Z" user="Yeti-17" uid="6969191" lat="28.4695401" lon="83.8690978"/>
 <node id="5858825756" visible="true" version="2" changeset="158279344" timestamp="2024-10-24T04:30:20Z" user="smont28" uid="4415167" lat="28.4763131" lon="83.8789274"/>
 <node id="5858825757" visible="true" version="2" changeset="158279344" timestamp="2024-10-24T04:30:20Z" user="smont28" uid="4415167" lat="28.4762128" lon="83.8788714"/>
 <node id="5858825758" visible="true" version="3" changeset="158279344" timestamp="2024-10-24T04:30:20Z" user="smont28" uid="4415167" lat="28.4760669" lon="83.8788463"/>
 <node id="5858825759" visible="true" version="3" changeset="158279344" timestamp="2024-10-24T04:30:20Z" user="smont28" uid="4415167" lat="28.4760127" lon="83.8788393"/>
 <node id="5858825760" visible="true" version="1" changeset="62004171" timestamp="2018-08-26T11:12:50Z" user="Yeti-17" uid="6969191" lat="28.4759109" lon="83.8787860"/>
 <node id="5858825761" visible="true" version="2" changeset="158279279" timestamp="2024-10-24T04:26:47Z" user="smont28" uid="4415167" lat="28.4756701" lon="83.8784628"/>
 <node id="5858825762" visible="true" version="2" changeset="158279279" timestamp="2024-10-24T04:26:47Z" user="smont28" uid="4415167" lat="28.4755731" lon="83.8784227"/>
 <node id="5858825763" visible="true" version="1" changeset="62004171" timestamp="2018-08-26T11:12:50Z" user="Yeti-17" uid="6969191" lat="28.4753922" lon="83.8783193"/>
 <node id="5858825764" visible="true" version="2" changeset="158279279" timestamp="2024-10-24T04:26:47Z" user="smont28" uid="4415167" lat="28.4753320" lon="83.8782424"/>
 <node id="5858825765" visible="true" version="2" changeset="158279279" timestamp="2024-10-24T04:26:47Z" user="smont28" uid="4415167" lat="28.4752678" lon="83.8779470"/>
 <node id="5858825766" visible="true" version="2" changeset="158279279" timestamp="2024-10-24T04:26:47Z" user="smont28" uid="4415167" lat="28.4752482" lon="83.8777890"/>
 <node id="5858825767" visible="true" version="2" changeset="158279279" timestamp="2024-10-24T04:26:47Z" user="smont28" uid="4415167" lat="28.4752237" lon="83.8776612"/>
 <node id="5858825768" visible="true" version="2" changeset="158279279" timestamp="2024-10-24T04:26:47Z" user="smont28" uid="4415167" lat="28.4751816" lon="83.8775981"/>
 <node id="5858825769" visible="true" version="1" changeset="62004171" timestamp="2018-08-26T11:12:50Z" user="Yeti-17" uid="6969191" lat="28.4741473" lon="83.8764203"/>
 <node id="5858825770" visible="true" version="1" changeset="62004171" timestamp="2018-08-26T11:12:50Z" user="Yeti-17" uid="6969191" lat="28.4740247" lon="83.8762164"/>
 <node id="5858825771" visible="true" version="2" changeset="158279279" timestamp="2024-10-24T04:26:47Z" user="smont28" uid="4415167" lat="28.4736493" lon="83.8754090"/>
 <node id="5858825772" visible="true" version="1" changeset="62004171" timestamp="2018-08-26T11:12:50Z" user="Yeti-17" uid="6969191" lat="28.4735248" lon="83.8749880"/>
 <node id="5858825773" visible="true" version="2" changeset="145949660" timestamp="2024-01-06T09:40:10Z" user="jean-ray2" uid="11285694" lat="28.4731924" lon="83.8736562"/>
 <node id="5858825774" visible="true" version="1" changeset="62004171" timestamp="2018-08-26T11:12:50Z" user="Yeti-17" uid="6969191" lat="28.4728599" lon="83.8733250"/>
 <node id="5858825775" visible="true" version="1" changeset="62004171" timestamp="2018-08-26T11:12:50Z" user="Yeti-17" uid="6969191" lat="28.4727043" lon="83.8732821"/>
 <node id="5858825776" visible="true" version="3" changeset="167719681" timestamp="2025-06-17T03:49:49Z" user="BaboucheVerte" uid="6296343" lat="28.4726253" lon="83.8732110"/>
 <node id="5858825777" visible="true" version="2" changeset="167719681" timestamp="2025-06-17T03:49:49Z" user="BaboucheVerte" uid="6296343" lat="28.4728139" lon="83.8731855"/>
 <node id="5858825778" visible="true" version="1" changeset="62004171" timestamp="2018-08-26T11:12:50Z" user="Yeti-17" uid="6969191" lat="28.4722092" lon="83.8726491"/>
 <node id="5858825779" visible="true" version="1" changeset="62004171" timestamp="2018-08-26T11:12:50Z" user="Yeti-17" uid="6969191" lat="28.4718791" lon="83.8724023"/>
 <node id="5858825780" visible="true" version="1" changeset="62004171" timestamp="2018-08-26T11:12:50Z" user="Yeti-17" uid="6969191" lat="28.4708841" lon="83.8714099"/>
 <node id="5858825781" visible="true" version="1" changeset="62004171" timestamp="2018-08-26T11:12:50Z" user="Yeti-17" uid="6969191" lat="28.4710680" lon="83.8717854"/>
 <node id="5859310286" visible="true" version="2" changeset="76891161" timestamp="2019-11-11T07:31:40Z" user="Subash Tiwari" uid="6075635" lat="28.4120271" lon="83.8204412"/>
 <node id="5859310287" visible="true" version="2" changeset="76891161" timestamp="2019-11-11T07:31:40Z" user="Subash Tiwari" uid="6075635" lat="28.4126204" lon="83.8190800"/>
 <node id="5859310288" visible="true" version="2" changeset="76891161" timestamp="2019-11-11T07:31:40Z" user="Subash Tiwari" uid="6075635" lat="28.4126570" lon="83.8192101"/>
 <node id="5859310289" visible="true" version="2" changeset="76891161" timestamp="2019-11-11T07:31:40Z" user="Subash Tiwari" uid="6075635" lat="28.4126346" lon="83.8190143"/>
 <node id="5859310290" visible="true" version="2" changeset="76891161" timestamp="2019-11-11T07:31:40Z" user="Subash Tiwari" uid="6075635" lat="28.4128835" lon="83.8189982"/>
 <node id="5859310291" visible="true" version="1" changeset="62011264" timestamp="2018-08-26T16:55:25Z" user="Yeti-17" uid="6969191" lat="28.4127407" lon="83.8190854"/>
 <node id="5859310292" visible="true" version="1" changeset="62011264" timestamp="2018-08-26T16:55:25Z" user="Yeti-17" uid="6969191" lat="28.4127974" lon="83.8189673"/>
 <node id="5859310293" visible="true" version="2" changeset="76891161" timestamp="2019-11-11T07:31:40Z" user="Subash Tiwari" uid="6075635" lat="28.4129188" lon="83.8190290"/>
 <node id="5859310294" visible="true" version="1" changeset="62011264" timestamp="2018-08-26T16:55:25Z" user="Yeti-17" uid="6969191" lat="28.4137457" lon="83.8185462"/>
 <node id="6045306725" visible="true" version="4" changeset="145972145" timestamp="2024-01-06T21:27:48Z" user="jean-ray2" uid="11285694" lat="28.4093103" lon="83.8237882"/>
 <node id="6045306726" visible="true" version="2" changeset="145972145" timestamp="2024-01-06T21:27:48Z" user="jean-ray2" uid="11285694" lat="28.4091558" lon="83.8239405"/>
 <node id="6045306727" visible="true" version="2" changeset="145972145" timestamp="2024-01-06T21:27:48Z" user="jean-ray2" uid="11285694" lat="28.4090475" lon="83.8240412"/>
 <node id="6045306728" visible="true" version="1" changeset="64279044" timestamp="2018-11-08T02:29:00Z" user="rsavoye" uid="4606673" lat="28.4088934" lon="83.8241032"/>
 <node id="6045306729" visible="true" version="2" changeset="145972145" timestamp="2024-01-06T21:27:48Z" user="jean-ray2" uid="11285694" lat="28.4083327" lon="83.8242526"/>
 <node id="6045306730" visible="true" version="2" changeset="145972145" timestamp="2024-01-06T21:27:48Z" user="jean-ray2" uid="11285694" lat="28.4081849" lon="83.8244083"/>
 <node id="6045306731" visible="true" version="2" changeset="145972145" timestamp="2024-01-06T21:27:48Z" user="jean-ray2" uid="11285694" lat="28.4080114" lon="83.8246296"/>
 <node id="6045306732" visible="true" version="1" changeset="64279044" timestamp="2018-11-08T02:29:00Z" user="rsavoye" uid="4606673" lat="28.4079887" lon="83.8247491"/>
 <node id="6045306733" visible="true" version="1" changeset="64279044" timestamp="2018-11-08T02:29:00Z" user="rsavoye" uid="4606673" lat="28.4080840" lon="83.8247650"/>
 <node id="6045306734" visible="true" version="2" changeset="76942161" timestamp="2019-11-12T06:49:13Z" user="krschap" uid="7004124" lat="28.4080752" lon="83.8248226"/>
 <node id="6045306735" visible="true" version="2" changeset="76942161" timestamp="2019-11-12T06:49:13Z" user="krschap" uid="7004124" lat="28.4078819" lon="83.8248167"/>
 <node id="6045306736" visible="true" version="1" changeset="64279044" timestamp="2018-11-08T02:29:00Z" user="rsavoye" uid="4606673" lat="28.4077656" lon="83.8248744"/>
 <node id="6045306737" visible="true" version="1" changeset="64279044" timestamp="2018-11-08T02:29:00Z" user="rsavoye" uid="4606673" lat="28.4075678" lon="83.8248213"/>
 <node id="6045306738" visible="true" version="1" changeset="64279044" timestamp="2018-11-08T02:29:00Z" user="rsavoye" uid="4606673" lat="28.4075208" lon="83.8249220"/>
 <node id="6045306739" visible="true" version="1" changeset="64279044" timestamp="2018-11-08T02:29:00Z" user="rsavoye" uid="4606673" lat="28.4075812" lon="83.8250799"/>
 <node id="6045306740" visible="true" version="1" changeset="64279044" timestamp="2018-11-08T02:29:00Z" user="rsavoye" uid="4606673" lat="28.4074279" lon="83.8250945"/>
 <node id="6045306741" visible="true" version="1" changeset="64279044" timestamp="2018-11-08T02:29:00Z" user="rsavoye" uid="4606673" lat="28.4073292" lon="83.8248943"/>
 <node id="6045306742" visible="true" version="2" changeset="76942161" timestamp="2019-11-12T06:49:13Z" user="krschap" uid="7004124" lat="28.4074223" lon="83.8247108"/>
 <node id="6045306743" visible="true" version="2" changeset="76942161" timestamp="2019-11-12T06:49:13Z" user="krschap" uid="7004124" lat="28.4074999" lon="83.8245679"/>
 <node id="6045306744" visible="true" version="2" changeset="76942161" timestamp="2019-11-12T06:49:13Z" user="krschap" uid="7004124" lat="28.4075562" lon="83.8244743"/>
 <node id="6045306745" visible="true" version="1" changeset="64279044" timestamp="2018-11-08T02:29:00Z" user="rsavoye" uid="4606673" lat="28.4075677" lon="83.8244063"/>
 <node id="6045306746" visible="true" version="1" changeset="64279044" timestamp="2018-11-08T02:29:00Z" user="rsavoye" uid="4606673" lat="28.4075290" lon="83.8242739"/>
 <node id="6045306749" visible="true" version="3" changeset="167719681" timestamp="2025-06-17T03:49:49Z" user="BaboucheVerte" uid="6296343" lat="28.4063366" lon="83.8218420"/>
 <node id="6105696829" visible="true" version="2" changeset="145949660" timestamp="2024-01-06T09:40:10Z" user="jean-ray2" uid="11285694" lat="28.4817961" lon="83.8859059"/>
 <node id="6965572282" visible="true" version="1" changeset="76888337" timestamp="2019-11-11T06:27:20Z" user="krschap" uid="7004124" lat="28.4179522" lon="83.8185338"/>
 <node id="6965572283" visible="true" version="1" changeset="76888337" timestamp="2019-11-11T06:27:20Z" user="krschap" uid="7004124" lat="28.4180200" lon="83.8183712"/>
 <node id="6965609932" visible="true" version="1" changeset="76888939" timestamp="2019-11-11T06:44:49Z" user="Subash Tiwari" uid="6075635" lat="28.5266719" lon="83.9060962"/>
 <node id="6965609942" visible="true" version="1" changeset="76888939" timestamp="2019-11-11T06:44:49Z" user="Subash Tiwari" uid="6075635" lat="28.5268322" lon="83.9058360"/>
 <node id="6965609943" visible="true" version="1" changeset="76888939" timestamp="2019-11-11T06:44:49Z" user="Subash Tiwari" uid="6075635" lat="28.5272139" lon="83.9048704"/>
 <node id="6965609944" visible="true" version="1" changeset="76888939" timestamp="2019-11-11T06:44:49Z" user="Subash Tiwari" uid="6075635" lat="28.5273341" lon="83.9044467"/>
 <node id="6965609945" visible="true" version="1" changeset="76888939" timestamp="2019-11-11T06:44:49Z" user="Subash Tiwari" uid="6075635" lat="28.5273129" lon="83.9041436"/>
 <node id="6965609946" visible="true" version="2" changeset="158279963" timestamp="2024-10-24T05:07:03Z" user="smont28" uid="4415167" lat="28.5274303" lon="83.9018654"/>
 <node id="6965610115" visible="true" version="2" changeset="158279677" timestamp="2024-10-24T04:50:35Z" user="smont28" uid="4415167" lat="28.5291796" lon="83.8961556"/>
 <node id="6965610116" visible="true" version="3" changeset="145951450" timestamp="2024-01-06T10:39:44Z" user="jean-ray2" uid="11285694" lat="28.5293913" lon="83.8935483"/>
 <node id="6965610117" visible="true" version="2" changeset="158279677" timestamp="2024-10-24T04:50:35Z" user="smont28" uid="4415167" lat="28.5294174" lon="83.8930072"/>
 <node id="6965610118" visible="true" version="3" changeset="158279963" timestamp="2024-10-24T05:07:03Z" user="smont28" uid="4415167" lat="28.5295445" lon="83.8918916"/>
 <node id="6965610119" visible="true" version="2" changeset="158279677" timestamp="2024-10-24T04:50:35Z" user="smont28" uid="4415167" lat="28.5296971" lon="83.8895423"/>
 <node id="6965610120" visible="true" version="2" changeset="158279677" timestamp="2024-10-24T04:50:35Z" user="smont28" uid="4415167" lat="28.5296845" lon="83.8893686"/>
 <node id="6965610121" visible="true" version="3" changeset="158279963" timestamp="2024-10-24T05:07:03Z" user="smont28" uid="4415167" lat="28.5297378" lon="83.8891371"/>
 <node id="6965610122" visible="true" version="3" changeset="158279963" timestamp="2024-10-24T05:07:03Z" user="smont28" uid="4415167" lat="28.5298683" lon="83.8885477"/>
 <node id="6965610123" visible="true" version="1" changeset="76888939" timestamp="2019-11-11T06:44:49Z" user="Subash Tiwari" uid="6075635" lat="28.5299828" lon="83.8883668"/>
 <node id="6965610124" visible="true" version="1" changeset="76888939" timestamp="2019-11-11T06:44:49Z" user="Subash Tiwari" uid="6075635" lat="28.5301502" lon="83.8878331"/>
 <node id="6965610125" visible="true" version="1" changeset="76888939" timestamp="2019-11-11T06:44:49Z" user="Subash Tiwari" uid="6075635" lat="28.5302067" lon="83.8876104"/>
 <node id="6965610126" visible="true" version="1" changeset="76888939" timestamp="2019-11-11T06:44:49Z" user="Subash Tiwari" uid="6075635" lat="28.5302586" lon="83.8872001"/>
 <node id="6965610127" visible="true" version="1" changeset="76888939" timestamp="2019-11-11T06:44:49Z" user="Subash Tiwari" uid="6075635" lat="28.5302774" lon="83.8869211"/>
 <node id="6965610128" visible="true" version="1" changeset="76888939" timestamp="2019-11-11T06:44:49Z" user="Subash Tiwari" uid="6075635" lat="28.5303340" lon="83.8864785"/>
 <node id="6965610129" visible="true" version="1" changeset="76888939" timestamp="2019-11-11T06:44:49Z" user="Subash Tiwari" uid="6075635" lat="28.5303999" lon="83.8863686"/>
 <node id="6965610130" visible="true" version="1" changeset="76888939" timestamp="2019-11-11T06:44:49Z" user="Subash Tiwari" uid="6075635" lat="28.5305036" lon="83.8860387"/>
 <node id="6965610131" visible="true" version="1" changeset="76888939" timestamp="2019-11-11T06:44:49Z" user="Subash Tiwari" uid="6075635" lat="28.5305625" lon="83.8858697"/>
 <node id="6965610132" visible="true" version="1" changeset="76888939" timestamp="2019-11-11T06:44:49Z" user="Subash Tiwari" uid="6075635" lat="28.5305838" lon="83.8856122"/>
 <node id="6965610133" visible="true" version="1" changeset="76888939" timestamp="2019-11-11T06:44:49Z" user="Subash Tiwari" uid="6075635" lat="28.5306568" lon="83.8854352"/>
 <node id="6965610134" visible="true" version="1" changeset="76888939" timestamp="2019-11-11T06:44:49Z" user="Subash Tiwari" uid="6075635" lat="28.5306238" lon="83.8850865"/>
 <node id="6965610135" visible="true" version="2" changeset="158279677" timestamp="2024-10-24T04:50:35Z" user="smont28" uid="4415167" lat="28.5307628" lon="83.8846299"/>
 <node id="6965610136" visible="true" version="2" changeset="158279677" timestamp="2024-10-24T04:50:35Z" user="smont28" uid="4415167" lat="28.5308665" lon="83.8841696"/>
 <node id="6965610137" visible="true" version="1" changeset="76888939" timestamp="2019-11-11T06:44:49Z" user="Subash Tiwari" uid="6075635" lat="28.5308972" lon="83.8838178"/>
 <node id="6965610138" visible="true" version="1" changeset="76888939" timestamp="2019-11-11T06:44:49Z" user="Subash Tiwari" uid="6075635" lat="28.5308948" lon="83.8835576"/>
 <node id="6965610139" visible="true" version="1" changeset="76888939" timestamp="2019-11-11T06:44:49Z" user="Subash Tiwari" uid="6075635" lat="28.5309089" lon="83.8834262"/>
 <node id="6965610140" visible="true" version="1" changeset="76888939" timestamp="2019-11-11T06:44:49Z" user="Subash Tiwari" uid="6075635" lat="28.5309231" lon="83.8832492"/>
 <node id="6965610141" visible="true" version="1" changeset="76888939" timestamp="2019-11-11T06:44:49Z" user="Subash Tiwari" uid="6075635" lat="28.5309631" lon="83.8828924"/>
 <node id="6965610142" visible="true" version="1" changeset="76888939" timestamp="2019-11-11T06:44:49Z" user="Subash Tiwari" uid="6075635" lat="28.5309985" lon="83.8827181"/>
 <node id="6965610143" visible="true" version="1" changeset="76888939" timestamp="2019-11-11T06:44:49Z" user="Subash Tiwari" uid="6075635" lat="28.5309796" lon="83.8825679"/>
 <node id="6965610144" visible="true" version="1" changeset="76888939" timestamp="2019-11-11T06:44:49Z" user="Subash Tiwari" uid="6075635" lat="28.5309938" lon="83.8824123"/>
 <node id="6965610145" visible="true" version="1" changeset="76888939" timestamp="2019-11-11T06:44:49Z" user="Subash Tiwari" uid="6075635" lat="28.5310008" lon="83.8823131"/>
 <node id="6965610146" visible="true" version="1" changeset="76888939" timestamp="2019-11-11T06:44:49Z" user="Subash Tiwari" uid="6075635" lat="28.5310291" lon="83.8820502"/>
 <node id="6965620314" visible="true" version="1" changeset="76889241" timestamp="2019-11-11T06:52:01Z" user="krschap" uid="7004124" lat="28.4291675" lon="83.8271397"/>
 <node id="6965620315" visible="true" version="2" changeset="145939494" timestamp="2024-01-05T22:36:04Z" user="jean-ray2" uid="11285694" lat="28.4289226" lon="83.8266131"/>
 <node id="6965620320" visible="true" version="2" changeset="145939494" timestamp="2024-01-05T22:36:04Z" user="jean-ray2" uid="11285694" lat="28.4289486" lon="83.8265298"/>
 <node id="6965620371" visible="true" version="1" changeset="76889241" timestamp="2019-11-11T06:52:01Z" user="krschap" uid="7004124" lat="28.4277230" lon="83.8211299"/>
 <node id="6965620372" visible="true" version="1" changeset="76889241" timestamp="2019-11-11T06:52:01Z" user="krschap" uid="7004124" lat="28.4276835" lon="83.8211145"/>
 <node id="6965620373" visible="true" version="2" changeset="145939494" timestamp="2024-01-05T22:36:04Z" user="jean-ray2" uid="11285694" lat="28.4277073" lon="83.8210666"/>
 <node id="6965620374" visible="true" version="1" changeset="76889241" timestamp="2019-11-11T06:52:01Z" user="krschap" uid="7004124" lat="28.4276894" lon="83.8210105"/>
 <node id="6965620375" visible="true" version="1" changeset="76889241" timestamp="2019-11-11T06:52:01Z" user="krschap" uid="7004124" lat="28.4275190" lon="83.8210628"/>
 <node id="6965620376" visible="true" version="1" changeset="76889241" timestamp="2019-11-11T06:52:01Z" user="krschap" uid="7004124" lat="28.4275219" lon="83.8210353"/>
 <node id="6965620377" visible="true" version="1" changeset="76889241" timestamp="2019-11-11T06:52:01Z" user="krschap" uid="7004124" lat="28.4276092" lon="83.8208777"/>
 <node id="6965620378" visible="true" version="2" changeset="145939494" timestamp="2024-01-05T22:36:04Z" user="jean-ray2" uid="11285694" lat="28.4276016" lon="83.8208109"/>
 <node id="6965620379" visible="true" version="1" changeset="76889241" timestamp="2019-11-11T06:52:01Z" user="krschap" uid="7004124" lat="28.4275615" lon="83.8207544"/>
 <node id="6965620380" visible="true" version="1" changeset="76889241" timestamp="2019-11-11T06:52:01Z" user="krschap" uid="7004124" lat="28.4275184" lon="83.8207738"/>
 <node id="6965620382" visible="true" version="1" changeset="76889241" timestamp="2019-11-11T06:52:01Z" user="krschap" uid="7004124" lat="28.4274158" lon="83.8208100"/>
 <node id="6965620695" visible="true" version="1" changeset="76889241" timestamp="2019-11-11T06:52:01Z" user="krschap" uid="7004124" lat="28.4248317" lon="83.8186830"/>
 <node id="6965620696" visible="true" version="1" changeset="76889241" timestamp="2019-11-11T06:52:01Z" user="krschap" uid="7004124" lat="28.4248128" lon="83.8186609"/>
 <node id="6965620697" visible="true" version="1" changeset="76889241" timestamp="2019-11-11T06:52:01Z" user="krschap" uid="7004124" lat="28.4247916" lon="83.8186280"/>
 <node id="6965620703" visible="true" version="3" changeset="145939494" timestamp="2024-01-05T22:36:04Z" user="jean-ray2" uid="11285694" lat="28.4208445" lon="83.8175462"/>
 <node id="6965620704" visible="true" version="2" changeset="76993166" timestamp="2019-11-13T06:31:11Z" user="Subash Tiwari" uid="6075635" lat="28.4208924" lon="83.8176182"/>
 <node id="6965620705" visible="true" version="2" changeset="145962367" timestamp="2024-01-06T15:57:05Z" user="jean-ray2" uid="11285694" lat="28.4209444" lon="83.8176458"/>
 <node id="6965620706" visible="true" version="3" changeset="145962367" timestamp="2024-01-06T15:57:05Z" user="jean-ray2" uid="11285694" lat="28.4209628" lon="83.8176252"/>
 <node id="6965620707" visible="true" version="3" changeset="145962367" timestamp="2024-01-06T15:57:05Z" user="jean-ray2" uid="11285694" lat="28.4209705" lon="83.8175726"/>
 <node id="6965620708" visible="true" version="3" changeset="145962367" timestamp="2024-01-06T15:57:05Z" user="jean-ray2" uid="11285694" lat="28.4209787" lon="83.8174381"/>
 <node id="6965620709" visible="true" version="3" changeset="145962367" timestamp="2024-01-06T15:57:05Z" user="jean-ray2" uid="11285694" lat="28.4211454" lon="83.8174107"/>
 <node id="6965633224" visible="true" version="1" changeset="76889595" timestamp="2019-11-11T06:59:57Z" user="Subash Tiwari" uid="6075635" lat="28.5260368" lon="83.9069170"/>
 <node id="6965633225" visible="true" version="1" changeset="76889595" timestamp="2019-11-11T06:59:57Z" user="Subash Tiwari" uid="6075635" lat="28.5259685" lon="83.9069934"/>
 <node id="6965633226" visible="true" version="1" changeset="76889595" timestamp="2019-11-11T06:59:57Z" user="Subash Tiwari" uid="6075635" lat="28.5257057" lon="83.9072067"/>
 <node id="6965633227" visible="true" version="1" changeset="76889595" timestamp="2019-11-11T06:59:57Z" user="Subash Tiwari" uid="6075635" lat="28.5256550" lon="83.9072898"/>
 <node id="6965633228" visible="true" version="1" changeset="76889595" timestamp="2019-11-11T06:59:57Z" user="Subash Tiwari" uid="6075635" lat="28.5256220" lon="83.9073233"/>
 <node id="6965633229" visible="true" version="1" changeset="76889595" timestamp="2019-11-11T06:59:57Z" user="Subash Tiwari" uid="6075635" lat="28.5255596" lon="83.9073461"/>
 <node id="6965633230" visible="true" version="1" changeset="76889595" timestamp="2019-11-11T06:59:57Z" user="Subash Tiwari" uid="6075635" lat="28.5254547" lon="83.9073904"/>
 <node id="6965633231" visible="true" version="1" changeset="76889595" timestamp="2019-11-11T06:59:57Z" user="Subash Tiwari" uid="6075635" lat="28.5253923" lon="83.9074333"/>
 <node id="6965633232" visible="true" version="1" changeset="76889595" timestamp="2019-11-11T06:59:57Z" user="Subash Tiwari" uid="6075635" lat="28.5253463" lon="83.9074856"/>
 <node id="6965633233" visible="true" version="1" changeset="76889595" timestamp="2019-11-11T06:59:57Z" user="Subash Tiwari" uid="6075635" lat="28.5251908" lon="83.9075956"/>
 <node id="6965633234" visible="true" version="1" changeset="76889595" timestamp="2019-11-11T06:59:57Z" user="Subash Tiwari" uid="6075635" lat="28.5251507" lon="83.9076291"/>
 <node id="6965633235" visible="true" version="1" changeset="76889595" timestamp="2019-11-11T06:59:57Z" user="Subash Tiwari" uid="6075635" lat="28.5250506" lon="83.9076117"/>
 <node id="6965633236" visible="true" version="1" changeset="76889595" timestamp="2019-11-11T06:59:57Z" user="Subash Tiwari" uid="6075635" lat="28.5249375" lon="83.9076935"/>
 <node id="6965633237" visible="true" version="2" changeset="158279963" timestamp="2024-10-24T05:07:03Z" user="smont28" uid="4415167" lat="28.5248326" lon="83.9077569"/>
 <node id="6965633238" visible="true" version="2" changeset="158279963" timestamp="2024-10-24T05:07:03Z" user="smont28" uid="4415167" lat="28.5247751" lon="83.9077650"/>
 <node id="6965633239" visible="true" version="2" changeset="158279963" timestamp="2024-10-24T05:07:03Z" user="smont28" uid="4415167" lat="28.5247411" lon="83.9077808"/>
 <node id="6965633240" visible="true" version="2" changeset="158279963" timestamp="2024-10-24T05:07:03Z" user="smont28" uid="4415167" lat="28.5247072" lon="83.9078357"/>
 <node id="6965633241" visible="true" version="2" changeset="158279963" timestamp="2024-10-24T05:07:03Z" user="smont28" uid="4415167" lat="28.5246262" lon="83.9078766"/>
 <node id="6965633242" visible="true" version="3" changeset="158279963" timestamp="2024-10-24T05:07:03Z" user="smont28" uid="4415167" lat="28.5245411" lon="83.9079040"/>
 <node id="6965633243" visible="true" version="2" changeset="158279963" timestamp="2024-10-24T05:07:03Z" user="smont28" uid="4415167" lat="28.5243434" lon="83.9079847"/>
 <node id="6965633248" visible="true" version="1" changeset="76889595" timestamp="2019-11-11T06:59:57Z" user="Subash Tiwari" uid="6075635" lat="28.5241067" lon="83.9079711"/>
 <node id="6965633249" visible="true" version="1" changeset="76889595" timestamp="2019-11-11T06:59:57Z" user="Subash Tiwari" uid="6075635" lat="28.5239924" lon="83.9080328"/>
 <node id="6965633250" visible="true" version="1" changeset="76889595" timestamp="2019-11-11T06:59:57Z" user="Subash Tiwari" uid="6075635" lat="28.5237874" lon="83.9080583"/>
 <node id="6965633251" visible="true" version="1" changeset="76889595" timestamp="2019-11-11T06:59:57Z" user="Subash Tiwari" uid="6075635" lat="28.5236378" lon="83.9080717"/>
 <node id="6965633252" visible="true" version="1" changeset="76889595" timestamp="2019-11-11T06:59:57Z" user="Subash Tiwari" uid="6075635" lat="28.5235600" lon="83.9080985"/>
 <node id="6965633253" visible="true" version="1" changeset="76889595" timestamp="2019-11-11T06:59:57Z" user="Subash Tiwari" uid="6075635" lat="28.5235093" lon="83.9080583"/>
 <node id="6965633254" visible="true" version="1" changeset="76889595" timestamp="2019-11-11T06:59:57Z" user="Subash Tiwari" uid="6075635" lat="28.5234669" lon="83.9080931"/>
 <node id="6965670943" visible="true" version="1" changeset="76890375" timestamp="2019-11-11T07:17:49Z" user="Subash Tiwari" uid="6075635" lat="28.4281264" lon="83.8298088"/>
 <node id="6965670944" visible="true" version="1" changeset="76890375" timestamp="2019-11-11T07:17:49Z" user="Subash Tiwari" uid="6075635" lat="28.4281700" lon="83.8293515"/>
 <node id="6965670951" visible="true" version="1" changeset="76890375" timestamp="2019-11-11T07:17:49Z" user="Subash Tiwari" uid="6075635" lat="28.4280432" lon="83.8299188"/>
 <node id="6965697438" visible="true" version="1" changeset="76891161" timestamp="2019-11-11T07:31:40Z" user="Subash Tiwari" uid="6075635" lat="28.4122253" lon="83.8197720"/>
 <node id="6965697439" visible="true" version="1" changeset="76891161" timestamp="2019-11-11T07:31:40Z" user="Subash Tiwari" uid="6075635" lat="28.4130710" lon="83.8188761"/>
 <node id="6965697440" visible="true" version="1" changeset="76891161" timestamp="2019-11-11T07:31:40Z" user="Subash Tiwari" uid="6075635" lat="28.4134556" lon="83.8184054"/>
 <node id="6965714848" visible="true" version="2" changeset="145939494" timestamp="2024-01-05T22:36:04Z" user="jean-ray2" uid="11285694" lat="28.4278162" lon="83.8210313"/>
 <node id="6966252275" visible="true" version="1" changeset="76904982" timestamp="2019-11-11T11:42:28Z" user="krschap" uid="7004124" lat="28.5230622" lon="83.9082326"/>
 <node id="6966252278" visible="true" version="2" changeset="158279677" timestamp="2024-10-24T04:50:35Z" user="smont28" uid="4415167" lat="28.5225966" lon="83.9081946">
  <tag k="ford" v="yes"/>
 </node>
 <node id="6966299525" visible="true" version="1" changeset="76904982" timestamp="2019-11-11T11:42:28Z" user="krschap" uid="7004124" lat="28.5157866" lon="83.9070521"/>
 <node id="6966299612" visible="true" version="2" changeset="145949660" timestamp="2024-01-06T09:40:10Z" user="jean-ray2" uid="11285694" lat="28.4986756" lon="83.8995677"/>
 <node id="6966299729" visible="true" version="1" changeset="76904982" timestamp="2019-11-11T11:42:28Z" user="krschap" uid="7004124" lat="28.5051613" lon="83.9032316"/>
 <node id="6966299730" visible="true" version="1" changeset="76904982" timestamp="2019-11-11T11:42:28Z" user="krschap" uid="7004124" lat="28.5050811" lon="83.9031646"/>
 <node id="6966299731" visible="true" version="2" changeset="158279677" timestamp="2024-10-24T04:50:35Z" user="smont28" uid="4415167" lat="28.5049482" lon="83.9031216"/>
 <node id="6966299732" visible="true" version="2" changeset="158279677" timestamp="2024-10-24T04:50:35Z" user="smont28" uid="4415167" lat="28.5048566" lon="83.9031074"/>
 <node id="6966299733" visible="true" version="2" changeset="158279677" timestamp="2024-10-24T04:50:35Z" user="smont28" uid="4415167" lat="28.5047973" lon="83.9031047"/>
 <node id="6966299734" visible="true" version="2" changeset="158279677" timestamp="2024-10-24T04:50:35Z" user="smont28" uid="4415167" lat="28.5046301" lon="83.9030404"/>
 <node id="6966299735" visible="true" version="2" changeset="158279677" timestamp="2024-10-24T04:50:35Z" user="smont28" uid="4415167" lat="28.5045135" lon="83.9029068"/>
 <node id="6966299736" visible="true" version="2" changeset="158279677" timestamp="2024-10-24T04:50:35Z" user="smont28" uid="4415167" lat="28.5043809" lon="83.9027239"/>
 <node id="6966299737" visible="true" version="2" changeset="158279677" timestamp="2024-10-24T04:50:35Z" user="smont28" uid="4415167" lat="28.5042751" lon="83.9025190"/>
 <node id="6966299738" visible="true" version="2" changeset="158279677" timestamp="2024-10-24T04:50:35Z" user="smont28" uid="4415167" lat="28.5042071" lon="83.9024151"/>
 <node id="6966299739" visible="true" version="2" changeset="158279677" timestamp="2024-10-24T04:50:35Z" user="smont28" uid="4415167" lat="28.5041008" lon="83.9022708"/>
 <node id="6966299740" visible="true" version="2" changeset="158279677" timestamp="2024-10-24T04:50:35Z" user="smont28" uid="4415167" lat="28.5040457" lon="83.9022115"/>
 <node id="6966299741" visible="true" version="2" changeset="158279677" timestamp="2024-10-24T04:50:35Z" user="smont28" uid="4415167" lat="28.5039009" lon="83.9020414"/>
 <node id="6966299742" visible="true" version="1" changeset="76904982" timestamp="2019-11-11T11:42:28Z" user="krschap" uid="7004124" lat="28.5038036" lon="83.9019549"/>
 <node id="6966299743" visible="true" version="1" changeset="76904982" timestamp="2019-11-11T11:42:28Z" user="krschap" uid="7004124" lat="28.5037164" lon="83.9018583"/>
 <node id="6966299744" visible="true" version="2" changeset="158279677" timestamp="2024-10-24T04:50:35Z" user="smont28" uid="4415167" lat="28.5035568" lon="83.9017828"/>
 <node id="6966299745" visible="true" version="2" changeset="158279677" timestamp="2024-10-24T04:50:35Z" user="smont28" uid="4415167" lat="28.5034137" lon="83.9017464"/>
 <node id="6966299746" visible="true" version="1" changeset="76904982" timestamp="2019-11-11T11:42:28Z" user="krschap" uid="7004124" lat="28.5033039" lon="83.9017001"/>
 <node id="6966299747" visible="true" version="2" changeset="158279677" timestamp="2024-10-24T04:50:35Z" user="smont28" uid="4415167" lat="28.5031407" lon="83.9017105"/>
 <node id="6966299748" visible="true" version="1" changeset="76904982" timestamp="2019-11-11T11:42:28Z" user="krschap" uid="7004124" lat="28.5030611" lon="83.9017135"/>
 <node id="6966299749" visible="true" version="1" changeset="76904982" timestamp="2019-11-11T11:42:28Z" user="krschap" uid="7004124" lat="28.5029927" lon="83.9017403"/>
 <node id="6966299750" visible="true" version="1" changeset="76904982" timestamp="2019-11-11T11:42:28Z" user="krschap" uid="7004124" lat="28.5029126" lon="83.9017537"/>
 <node id="6966299751" visible="true" version="2" changeset="158279677" timestamp="2024-10-24T04:50:35Z" user="smont28" uid="4415167" lat="28.5028065" lon="83.9017699"/>
 <node id="6966299752" visible="true" version="2" changeset="158279677" timestamp="2024-10-24T04:50:35Z" user="smont28" uid="4415167" lat="28.5027227" lon="83.9017354"/>
 <node id="6966299753" visible="true" version="2" changeset="158279677" timestamp="2024-10-24T04:50:35Z" user="smont28" uid="4415167" lat="28.5026581" lon="83.9016587"/>
 <node id="6966299754" visible="true" version="2" changeset="158279677" timestamp="2024-10-24T04:50:35Z" user="smont28" uid="4415167" lat="28.5025685" lon="83.9015625"/>
 <node id="6966299755" visible="true" version="1" changeset="76904982" timestamp="2019-11-11T11:42:28Z" user="krschap" uid="7004124" lat="28.5024883" lon="83.9015284"/>
 <node id="6966299756" visible="true" version="1" changeset="76904982" timestamp="2019-11-11T11:42:28Z" user="krschap" uid="7004124" lat="28.5024058" lon="83.9014962"/>
 <node id="6966299757" visible="true" version="1" changeset="76904982" timestamp="2019-11-11T11:42:28Z" user="krschap" uid="7004124" lat="28.5023351" lon="83.9014453"/>
 <node id="6966299758" visible="true" version="1" changeset="76904982" timestamp="2019-11-11T11:42:28Z" user="krschap" uid="7004124" lat="28.5022880" lon="83.9013916"/>
 <node id="6966299759" visible="true" version="2" changeset="145949660" timestamp="2024-01-06T09:40:10Z" user="jean-ray2" uid="11285694" lat="28.5022324" lon="83.9013167"/>
 <node id="6966299760" visible="true" version="2" changeset="145949660" timestamp="2024-01-06T09:40:10Z" user="jean-ray2" uid="11285694" lat="28.5021913" lon="83.9012923"/>
 <node id="6966299761" visible="true" version="2" changeset="145949660" timestamp="2024-01-06T09:40:10Z" user="jean-ray2" uid="11285694" lat="28.5020569" lon="83.9011192"/>
 <node id="6966299762" visible="true" version="2" changeset="145949660" timestamp="2024-01-06T09:40:10Z" user="jean-ray2" uid="11285694" lat="28.5019791" lon="83.9010714"/>
 <node id="6966299763" visible="true" version="1" changeset="76904982" timestamp="2019-11-11T11:42:28Z" user="krschap" uid="7004124" lat="28.5019368" lon="83.9010859"/>
 <node id="6966299764" visible="true" version="1" changeset="76904982" timestamp="2019-11-11T11:42:28Z" user="krschap" uid="7004124" lat="28.5018731" lon="83.9010939"/>
 <node id="6966299765" visible="true" version="1" changeset="76904982" timestamp="2019-11-11T11:42:28Z" user="krschap" uid="7004124" lat="28.5017718" lon="83.9010698"/>
 <node id="6966299766" visible="true" version="1" changeset="76904982" timestamp="2019-11-11T11:42:28Z" user="krschap" uid="7004124" lat="28.5016303" lon="83.9009947"/>
 <node id="6966299767" visible="true" version="1" changeset="76904982" timestamp="2019-11-11T11:42:28Z" user="krschap" uid="7004124" lat="28.5013121" lon="83.9008525"/>
 <node id="6966299768" visible="true" version="1" changeset="76904982" timestamp="2019-11-11T11:42:28Z" user="krschap" uid="7004124" lat="28.5011188" lon="83.9007694"/>
 <node id="6966299769" visible="true" version="1" changeset="76904982" timestamp="2019-11-11T11:42:28Z" user="krschap" uid="7004124" lat="28.5010363" lon="83.9007050"/>
 <node id="6966299770" visible="true" version="1" changeset="76904982" timestamp="2019-11-11T11:42:28Z" user="krschap" uid="7004124" lat="28.5009420" lon="83.9006808"/>
 <node id="6966299771" visible="true" version="1" changeset="76904982" timestamp="2019-11-11T11:42:28Z" user="krschap" uid="7004124" lat="28.5008737" lon="83.9006540"/>
 <node id="6966299772" visible="true" version="1" changeset="76904982" timestamp="2019-11-11T11:42:28Z" user="krschap" uid="7004124" lat="28.5007841" lon="83.9006621"/>
 <node id="6966299773" visible="true" version="1" changeset="76904982" timestamp="2019-11-11T11:42:28Z" user="krschap" uid="7004124" lat="28.5007063" lon="83.9006513"/>
 <node id="6966299774" visible="true" version="1" changeset="76904982" timestamp="2019-11-11T11:42:28Z" user="krschap" uid="7004124" lat="28.5006050" lon="83.9006084"/>
 <node id="6966299775" visible="true" version="1" changeset="76904982" timestamp="2019-11-11T11:42:28Z" user="krschap" uid="7004124" lat="28.5004777" lon="83.9005092"/>
 <node id="6966299776" visible="true" version="1" changeset="76904982" timestamp="2019-11-11T11:42:28Z" user="krschap" uid="7004124" lat="28.5003551" lon="83.9004743"/>
 <node id="6966299777" visible="true" version="1" changeset="76904982" timestamp="2019-11-11T11:42:28Z" user="krschap" uid="7004124" lat="28.5002561" lon="83.9004287"/>
 <node id="6966299778" visible="true" version="1" changeset="76904982" timestamp="2019-11-11T11:42:28Z" user="krschap" uid="7004124" lat="28.5000935" lon="83.9003938"/>
 <node id="6966299779" visible="true" version="1" changeset="76904982" timestamp="2019-11-11T11:42:28Z" user="krschap" uid="7004124" lat="28.4998507" lon="83.9003161"/>
 <node id="6966299780" visible="true" version="1" changeset="76904982" timestamp="2019-11-11T11:42:28Z" user="krschap" uid="7004124" lat="28.4997328" lon="83.9002946"/>
 <node id="6966299781" visible="true" version="1" changeset="76904982" timestamp="2019-11-11T11:42:28Z" user="krschap" uid="7004124" lat="28.4996267" lon="83.9002705"/>
 <node id="6966299782" visible="true" version="1" changeset="76904982" timestamp="2019-11-11T11:42:28Z" user="krschap" uid="7004124" lat="28.4994429" lon="83.9001927"/>
 <node id="6966299783" visible="true" version="1" changeset="76904982" timestamp="2019-11-11T11:42:28Z" user="krschap" uid="7004124" lat="28.4992472" lon="83.9000854"/>
 <node id="6966299784" visible="true" version="1" changeset="76904982" timestamp="2019-11-11T11:42:28Z" user="krschap" uid="7004124" lat="28.4991718" lon="83.9000130"/>
 <node id="6966299785" visible="true" version="1" changeset="76904982" timestamp="2019-11-11T11:42:28Z" user="krschap" uid="7004124" lat="28.4990657" lon="83.8999781"/>
 <node id="6966299786" visible="true" version="1" changeset="76904982" timestamp="2019-11-11T11:42:28Z" user="krschap" uid="7004124" lat="28.4989785" lon="83.8999245"/>
 <node id="6966299857" visible="true" version="1" changeset="76904982" timestamp="2019-11-11T11:42:28Z" user="krschap" uid="7004124" lat="28.4822883" lon="83.8860038"/>
 <node id="6966299858" visible="true" version="1" changeset="76904982" timestamp="2019-11-11T11:42:28Z" user="krschap" uid="7004124" lat="28.4821610" lon="83.8860440"/>
 <node id="6966299859" visible="true" version="1" changeset="76904982" timestamp="2019-11-11T11:42:28Z" user="krschap" uid="7004124" lat="28.4821138" lon="83.8858724"/>
 <node id="6966299860" visible="true" version="1" changeset="76904982" timestamp="2019-11-11T11:42:28Z" user="krschap" uid="7004124" lat="28.4820454" lon="83.8857087"/>
 <node id="6966299865" visible="true" version="2" changeset="145949660" timestamp="2024-01-06T09:40:10Z" user="jean-ray2" uid="11285694" lat="28.4801452" lon="83.8854016"/>
 <node id="6966299866" visible="true" version="1" changeset="76904982" timestamp="2019-11-11T11:42:28Z" user="krschap" uid="7004124" lat="28.4801523" lon="83.8853171"/>
 <node id="6966299867" visible="true" version="1" changeset="76904982" timestamp="2019-11-11T11:42:28Z" user="krschap" uid="7004124" lat="28.4801287" lon="83.8852099"/>
 <node id="6966299868" visible="true" version="2" changeset="145949660" timestamp="2024-01-06T09:40:10Z" user="jean-ray2" uid="11285694" lat="28.4799318" lon="83.8851347"/>
 <node id="6966299869" visible="true" version="2" changeset="145949660" timestamp="2024-01-06T09:40:10Z" user="jean-ray2" uid="11285694" lat="28.4798777" lon="83.8849377"/>
 <node id="6966299876" visible="true" version="2" changeset="145949660" timestamp="2024-01-06T09:40:10Z" user="jean-ray2" uid="11285694" lat="28.4795358" lon="83.8849282"/>
 <node id="6966299877" visible="true" version="2" changeset="145949660" timestamp="2024-01-06T09:40:10Z" user="jean-ray2" uid="11285694" lat="28.4794933" lon="83.8849577"/>
 <node id="6966299880" visible="true" version="3" changeset="145951450" timestamp="2024-01-06T10:39:44Z" user="jean-ray2" uid="11285694" lat="28.4794326" lon="83.8850257"/>
 <node id="6966299881" visible="true" version="3" changeset="145951450" timestamp="2024-01-06T10:39:44Z" user="jean-ray2" uid="11285694" lat="28.4794005" lon="83.8850782"/>
 <node id="6966299883" visible="true" version="3" changeset="145951450" timestamp="2024-01-06T10:39:44Z" user="jean-ray2" uid="11285694" lat="28.4793648" lon="83.8850797"/>
 <node id="6966299887" visible="true" version="2" changeset="145949660" timestamp="2024-01-06T09:40:10Z" user="jean-ray2" uid="11285694" lat="28.4792918" lon="83.8849980"/>
 <node id="6966299890" visible="true" version="2" changeset="145949660" timestamp="2024-01-06T09:40:10Z" user="jean-ray2" uid="11285694" lat="28.4792422" lon="83.8849685"/>
 <node id="6966299893" visible="true" version="2" changeset="145949660" timestamp="2024-01-06T09:40:10Z" user="jean-ray2" uid="11285694" lat="28.4791809" lon="83.8849350"/>
 <node id="6966299894" visible="true" version="2" changeset="145949660" timestamp="2024-01-06T09:40:10Z" user="jean-ray2" uid="11285694" lat="28.4791432" lon="83.8849336"/>
 <node id="6966299895" visible="true" version="3" changeset="145951450" timestamp="2024-01-06T10:39:44Z" user="jean-ray2" uid="11285694" lat="28.4791311" lon="83.8849966"/>
 <node id="6966299898" visible="true" version="2" changeset="145951450" timestamp="2024-01-06T10:39:44Z" user="jean-ray2" uid="11285694" lat="28.4791329" lon="83.8850531"/>
 <node id="6966299899" visible="true" version="2" changeset="145951450" timestamp="2024-01-06T10:39:44Z" user="jean-ray2" uid="11285694" lat="28.4791468" lon="83.8851325"/>
 <node id="6966299900" visible="true" version="2" changeset="145951450" timestamp="2024-01-06T10:39:44Z" user="jean-ray2" uid="11285694" lat="28.4790900" lon="83.8853250"/>
 <node id="6966299909" visible="true" version="2" changeset="145951450" timestamp="2024-01-06T10:39:44Z" user="jean-ray2" uid="11285694" lat="28.4790344" lon="83.8854408"/>
 <node id="6966299910" visible="true" version="2" changeset="145951450" timestamp="2024-01-06T10:39:44Z" user="jean-ray2" uid="11285694" lat="28.4789574" lon="83.8852363"/>
 <node id="6966299911" visible="true" version="2" changeset="145951450" timestamp="2024-01-06T10:39:44Z" user="jean-ray2" uid="11285694" lat="28.4787896" lon="83.8850401"/>
 <node id="6966299912" visible="true" version="2" changeset="145951450" timestamp="2024-01-06T10:39:44Z" user="jean-ray2" uid="11285694" lat="28.4788515" lon="83.8849711"/>
 <node id="6966299913" visible="true" version="1" changeset="76904982" timestamp="2019-11-11T11:42:28Z" user="krschap" uid="7004124" lat="28.4788344" lon="83.8849524"/>
 <node id="6966299914" visible="true" version="2" changeset="158279279" timestamp="2024-10-24T04:26:47Z" user="smont28" uid="4415167" lat="28.4787200" lon="83.8848746"/>
 <node id="6966299915" visible="true" version="2" changeset="158279279" timestamp="2024-10-24T04:26:47Z" user="smont28" uid="4415167" lat="28.4786340" lon="83.8848196"/>
 <node id="6966299916" visible="true" version="2" changeset="158279279" timestamp="2024-10-24T04:26:47Z" user="smont28" uid="4415167" lat="28.4785857" lon="83.8847378"/>
 <node id="6966299917" visible="true" version="2" changeset="158279279" timestamp="2024-10-24T04:26:47Z" user="smont28" uid="4415167" lat="28.4785302" lon="83.8846480"/>
 <node id="6966299918" visible="true" version="2" changeset="158279279" timestamp="2024-10-24T04:26:47Z" user="smont28" uid="4415167" lat="28.4784760" lon="83.8845420"/>
 <node id="6966299919" visible="true" version="2" changeset="158279279" timestamp="2024-10-24T04:26:47Z" user="smont28" uid="4415167" lat="28.4784276" lon="83.8844119"/>
 <node id="6966299920" visible="true" version="2" changeset="158279279" timestamp="2024-10-24T04:26:47Z" user="smont28" uid="4415167" lat="28.4783864" lon="83.8843475"/>
 <node id="6966299921" visible="true" version="1" changeset="76904982" timestamp="2019-11-11T11:42:28Z" user="krschap" uid="7004124" lat="28.4783251" lon="83.8842094"/>
 <node id="6966299922" visible="true" version="2" changeset="158279279" timestamp="2024-10-24T04:26:47Z" user="smont28" uid="4415167" lat="28.4782579" lon="83.8841839"/>
 <node id="6966299923" visible="true" version="2" changeset="158279279" timestamp="2024-10-24T04:26:47Z" user="smont28" uid="4415167" lat="28.4782179" lon="83.8840900"/>
 <node id="6966299924" visible="true" version="1" changeset="76904982" timestamp="2019-11-11T11:42:28Z" user="krschap" uid="7004124" lat="28.4781719" lon="83.8838607"/>
 <node id="6966299925" visible="true" version="2" changeset="158279279" timestamp="2024-10-24T04:26:47Z" user="smont28" uid="4415167" lat="28.4780776" lon="83.8837588"/>
 <node id="6966299926" visible="true" version="2" changeset="158279279" timestamp="2024-10-24T04:26:47Z" user="smont28" uid="4415167" lat="28.4780799" lon="83.8836421"/>
 <node id="6966299927" visible="true" version="1" changeset="76904982" timestamp="2019-11-11T11:42:28Z" user="krschap" uid="7004124" lat="28.4780328" lon="83.8835576"/>
 <node id="6966299928" visible="true" version="2" changeset="158279279" timestamp="2024-10-24T04:26:47Z" user="smont28" uid="4415167" lat="28.4780611" lon="83.8834222"/>
 <node id="6966300003" visible="true" version="2" changeset="158279344" timestamp="2024-10-24T04:30:20Z" user="smont28" uid="4415167" lat="28.4761749" lon="83.8788535"/>
 <node id="6966300005" visible="true" version="2" changeset="158279344" timestamp="2024-10-24T04:30:20Z" user="smont28" uid="4415167" lat="28.4761388" lon="83.8788395"/>
 <node id="6966300012" visible="true" version="1" changeset="76904982" timestamp="2019-11-11T11:42:28Z" user="krschap" uid="7004124" lat="28.4734435" lon="83.8749276"/>
 <node id="6966300049" visible="true" version="2" changeset="167719681" timestamp="2025-06-17T03:49:49Z" user="BaboucheVerte" uid="6296343" lat="28.4845251" lon="83.8884571"/>
 <node id="6966300189" visible="true" version="2" changeset="145949660" timestamp="2024-01-06T09:40:10Z" user="jean-ray2" uid="11285694" lat="28.4732230" lon="83.8737837"/>
 <node id="6966300307" visible="true" version="1" changeset="76904982" timestamp="2019-11-11T11:42:28Z" user="krschap" uid="7004124" lat="28.4624039" lon="83.8610552"/>
 <node id="6966300308" visible="true" version="1" changeset="76904982" timestamp="2019-11-11T11:42:28Z" user="krschap" uid="7004124" lat="28.4624310" lon="83.8610981"/>
 <node id="6966300309" visible="true" version="1" changeset="76904982" timestamp="2019-11-11T11:42:28Z" user="krschap" uid="7004124" lat="28.4624722" lon="83.8611035"/>
 <node id="6966300310" visible="true" version="1" changeset="76904982" timestamp="2019-11-11T11:42:28Z" user="krschap" uid="7004124" lat="28.4625300" lon="83.8611183"/>
 <node id="6966300311" visible="true" version="1" changeset="76904982" timestamp="2019-11-11T11:42:28Z" user="krschap" uid="7004124" lat="28.4625795" lon="83.8611156"/>
 <node id="6966300312" visible="true" version="1" changeset="76904982" timestamp="2019-11-11T11:42:28Z" user="krschap" uid="7004124" lat="28.4626196" lon="83.8610633"/>
 <node id="6966300313" visible="true" version="1" changeset="76904982" timestamp="2019-11-11T11:42:28Z" user="krschap" uid="7004124" lat="28.4627375" lon="83.8611075"/>
 <node id="6966300314" visible="true" version="2" changeset="145962367" timestamp="2024-01-06T15:57:05Z" user="jean-ray2" uid="11285694" lat="28.4627917" lon="83.8611034"/>
 <node id="6966300315" visible="true" version="1" changeset="76904982" timestamp="2019-11-11T11:42:28Z" user="krschap" uid="7004124" lat="28.4628908" lon="83.8610807"/>
 <node id="6966300316" visible="true" version="1" changeset="76904982" timestamp="2019-11-11T11:42:28Z" user="krschap" uid="7004124" lat="28.4629733" lon="83.8610592"/>
 <node id="6966300317" visible="true" version="1" changeset="76904982" timestamp="2019-11-11T11:42:28Z" user="krschap" uid="7004124" lat="28.4630004" lon="83.8610432"/>
 <node id="6966300318" visible="true" version="1" changeset="76904982" timestamp="2019-11-11T11:42:28Z" user="krschap" uid="7004124" lat="28.4630275" lon="83.8609748"/>
 <node id="6966300319" visible="true" version="1" changeset="76904982" timestamp="2019-11-11T11:42:28Z" user="krschap" uid="7004124" lat="28.4630641" lon="83.8609466"/>
 <node id="6966300320" visible="true" version="1" changeset="76904982" timestamp="2019-11-11T11:42:28Z" user="krschap" uid="7004124" lat="28.4630959" lon="83.8609426"/>
 <node id="6966300321" visible="true" version="2" changeset="145962367" timestamp="2024-01-06T15:57:05Z" user="jean-ray2" uid="11285694" lat="28.4631296" lon="83.8609364"/>
 <node id="6966300322" visible="true" version="1" changeset="76904982" timestamp="2019-11-11T11:42:28Z" user="krschap" uid="7004124" lat="28.4631678" lon="83.8609399"/>
 <node id="6966300323" visible="true" version="1" changeset="76904982" timestamp="2019-11-11T11:42:28Z" user="krschap" uid="7004124" lat="28.4632504" lon="83.8609640"/>
 <node id="6966300324" visible="true" version="2" changeset="145962367" timestamp="2024-01-06T15:57:05Z" user="jean-ray2" uid="11285694" lat="28.4632876" lon="83.8609649"/>
 <node id="6966300325" visible="true" version="2" changeset="145962367" timestamp="2024-01-06T15:57:05Z" user="jean-ray2" uid="11285694" lat="28.4633147" lon="83.8609619"/>
 <node id="6966300327" visible="true" version="1" changeset="76904982" timestamp="2019-11-11T11:42:28Z" user="krschap" uid="7004124" lat="28.4633636" lon="83.8609748"/>
 <node id="6966300328" visible="true" version="1" changeset="76904982" timestamp="2019-11-11T11:42:28Z" user="krschap" uid="7004124" lat="28.4633919" lon="83.8609667"/>
 <node id="6966300329" visible="true" version="1" changeset="76904982" timestamp="2019-11-11T11:42:28Z" user="krschap" uid="7004124" lat="28.4634885" lon="83.8609332"/>
 <node id="6966300330" visible="true" version="1" changeset="76904982" timestamp="2019-11-11T11:42:28Z" user="krschap" uid="7004124" lat="28.4635828" lon="83.8608916"/>
 <node id="6966300331" visible="true" version="1" changeset="76904982" timestamp="2019-11-11T11:42:28Z" user="krschap" uid="7004124" lat="28.4636265" lon="83.8608862"/>
 <node id="6966300332" visible="true" version="1" changeset="76904982" timestamp="2019-11-11T11:42:28Z" user="krschap" uid="7004124" lat="28.4636559" lon="83.8609050"/>
 <node id="6966300334" visible="true" version="2" changeset="145962367" timestamp="2024-01-06T15:57:05Z" user="jean-ray2" uid="11285694" lat="28.4636678" lon="83.8609718"/>
 <node id="6968249261" visible="true" version="1" changeset="76942161" timestamp="2019-11-12T06:49:13Z" user="krschap" uid="7004124" lat="28.4076379" lon="83.8248521"/>
 <node id="6968249262" visible="true" version="1" changeset="76942161" timestamp="2019-11-12T06:49:13Z" user="krschap" uid="7004124" lat="28.4075824" lon="83.8250546"/>
 <node id="6968249263" visible="true" version="1" changeset="76942161" timestamp="2019-11-12T06:49:13Z" user="krschap" uid="7004124" lat="28.4075234" lon="83.8249862"/>
 <node id="6968249264" visible="true" version="1" changeset="76942161" timestamp="2019-11-12T06:49:13Z" user="krschap" uid="7004124" lat="28.4073547" lon="83.8250090"/>
 <node id="6968249265" visible="true" version="1" changeset="76942161" timestamp="2019-11-12T06:49:13Z" user="krschap" uid="7004124" lat="28.4076756" lon="83.8248843"/>
 <node id="6968249266" visible="true" version="2" changeset="145972145" timestamp="2024-01-06T21:27:48Z" user="jean-ray2" uid="11285694" lat="28.4100374" lon="83.8234840"/>
 <node id="6968249271" visible="true" version="1" changeset="76942161" timestamp="2019-11-12T06:49:13Z" user="krschap" uid="7004124" lat="28.4102518" lon="83.8230658"/>
 <node id="6968249273" visible="true" version="1" changeset="76942161" timestamp="2019-11-12T06:49:13Z" user="krschap" uid="7004124" lat="28.4110516" lon="83.8216576"/>
 <node id="6968249274" visible="true" version="2" changeset="145972145" timestamp="2024-01-06T21:27:48Z" user="jean-ray2" uid="11285694" lat="28.4110686" lon="83.8214974"/>
 <node id="6968249275" visible="true" version="2" changeset="145972145" timestamp="2024-01-06T21:27:48Z" user="jean-ray2" uid="11285694" lat="28.4110782" lon="83.8214180"/>
 <node id="6968249276" visible="true" version="1" changeset="76942161" timestamp="2019-11-12T06:49:13Z" user="krschap" uid="7004124" lat="28.4111035" lon="83.8213170"/>
 <node id="6968249277" visible="true" version="1" changeset="76942161" timestamp="2019-11-12T06:49:13Z" user="krschap" uid="7004124" lat="28.4111554" lon="83.8211909"/>
 <node id="6968249278" visible="true" version="1" changeset="76942161" timestamp="2019-11-12T06:49:13Z" user="krschap" uid="7004124" lat="28.4111743" lon="83.8210729"/>
 <node id="6968249279" visible="true" version="1" changeset="76942161" timestamp="2019-11-12T06:49:13Z" user="krschap" uid="7004124" lat="28.4112356" lon="83.8210165"/>
 <node id="6968249280" visible="true" version="1" changeset="76942161" timestamp="2019-11-12T06:49:13Z" user="krschap" uid="7004124" lat="28.4112875" lon="83.8210756"/>
 <node id="6968249281" visible="true" version="1" changeset="76942161" timestamp="2019-11-12T06:49:13Z" user="krschap" uid="7004124" lat="28.4113536" lon="83.8211855"/>
 <node id="6968249282" visible="true" version="1" changeset="76942161" timestamp="2019-11-12T06:49:13Z" user="krschap" uid="7004124" lat="28.4114008" lon="83.8212660"/>
 <node id="6968249283" visible="true" version="1" changeset="76942161" timestamp="2019-11-12T06:49:13Z" user="krschap" uid="7004124" lat="28.4113512" lon="83.8213491"/>
 <node id="6968249284" visible="true" version="1" changeset="76942161" timestamp="2019-11-12T06:49:13Z" user="krschap" uid="7004124" lat="28.4112828" lon="83.8214430"/>
 <node id="6968249285" visible="true" version="1" changeset="76942161" timestamp="2019-11-12T06:49:13Z" user="krschap" uid="7004124" lat="28.4113111" lon="83.8215128"/>
 <node id="6968249286" visible="true" version="1" changeset="76942161" timestamp="2019-11-12T06:49:13Z" user="krschap" uid="7004124" lat="28.4113795" lon="83.8215905"/>
 <node id="6968249287" visible="true" version="1" changeset="76942161" timestamp="2019-11-12T06:49:13Z" user="krschap" uid="7004124" lat="28.4114008" lon="83.8216791"/>
 <node id="6968249288" visible="true" version="1" changeset="76942161" timestamp="2019-11-12T06:49:13Z" user="krschap" uid="7004124" lat="28.4116815" lon="83.8213082"/>
 <node id="6968249291" visible="true" version="1" changeset="76942161" timestamp="2019-11-12T06:49:13Z" user="krschap" uid="7004124" lat="28.4132686" lon="83.8187119"/>
 <node id="6968249292" visible="true" version="1" changeset="76942161" timestamp="2019-11-12T06:49:13Z" user="krschap" uid="7004124" lat="28.4132710" lon="83.8187595"/>
 <node id="6968249297" visible="true" version="1" changeset="76942161" timestamp="2019-11-12T06:49:13Z" user="krschap" uid="7004124" lat="28.4161396" lon="83.8186824"/>
 <node id="6968249495" visible="true" version="1" changeset="76942161" timestamp="2019-11-12T06:49:13Z" user="krschap" uid="7004124" lat="28.4255771" lon="83.8190290"/>
 <node id="6970751243" visible="true" version="2" changeset="145939494" timestamp="2024-01-05T22:36:04Z" user="jean-ray2" uid="11285694" lat="28.4207484" lon="83.8175008"/>
 <node id="6970751244" visible="true" version="2" changeset="145939494" timestamp="2024-01-05T22:36:04Z" user="jean-ray2" uid="11285694" lat="28.4208713" lon="83.8175884"/>
 <node id="6970751245" visible="true" version="2" changeset="145939494" timestamp="2024-01-05T22:36:04Z" user="jean-ray2" uid="11285694" lat="28.4206875" lon="83.8175194"/>
 <node id="6970751246" visible="true" version="1" changeset="76993166" timestamp="2019-11-13T06:31:11Z" user="Subash Tiwari" uid="6075635" lat="28.4205645" lon="83.8175525"/>
 <node id="6970751247" visible="true" version="1" changeset="76993166" timestamp="2019-11-13T06:31:11Z" user="Subash Tiwari" uid="6075635" lat="28.4201929" lon="83.8175967"/>
 <node id="6970751248" visible="true" version="1" changeset="76993166" timestamp="2019-11-13T06:31:11Z" user="Subash Tiwari" uid="6075635" lat="28.4199523" lon="83.8175900"/>
 <node id="6970751249" visible="true" version="2" changeset="145939494" timestamp="2024-01-05T22:36:04Z" user="jean-ray2" uid="11285694" lat="28.4197373" lon="83.8175950"/>
 <node id="7981256052" visible="true" version="2" changeset="167719681" timestamp="2025-06-17T03:49:49Z" user="BaboucheVerte" uid="6296343" lat="28.4728089" lon="83.8730580"/>
 <node id="8700927022" visible="true" version="1" changeset="104172254" timestamp="2021-05-05T08:57:56Z" user="MDe" uid="98448" lat="28.4993478" lon="83.9001405"/>
 <node id="11492734467" visible="true" version="1" changeset="145939494" timestamp="2024-01-05T22:36:04Z" user="jean-ray2" uid="11285694" lat="28.4181291" lon="83.8183231"/>
 <node id="11492734468" visible="true" version="2" changeset="145962367" timestamp="2024-01-06T15:57:05Z" user="jean-ray2" uid="11285694" lat="28.4210783" lon="83.8173745"/>
 <node id="11492739169" visible="true" version="2" changeset="145962367" timestamp="2024-01-06T15:57:05Z" user="jean-ray2" uid="11285694" lat="28.4211103" lon="83.8174139"/>
 <node id="11492739170" visible="true" version="2" changeset="145962367" timestamp="2024-01-06T15:57:05Z" user="jean-ray2" uid="11285694" lat="28.4212161" lon="83.8173112"/>
 <node id="11492739171" visible="true" version="2" changeset="145962367" timestamp="2024-01-06T15:57:05Z" user="jean-ray2" uid="11285694" lat="28.4212233" lon="83.8172391"/>
 <node id="11492739172" visible="true" version="2" changeset="158235334" timestamp="2024-10-23T03:18:30Z" user="smont28" uid="4415167" lat="28.4220360" lon="83.8171877"/>
 <node id="11492739173" visible="true" version="1" changeset="145939494" timestamp="2024-01-05T22:36:04Z" user="jean-ray2" uid="11285694" lat="28.4216129" lon="83.8171149"/>
 <node id="11492739185" visible="true" version="1" changeset="145939494" timestamp="2024-01-05T22:36:04Z" user="jean-ray2" uid="11285694" lat="28.4237789" lon="83.8179728"/>
 <node id="11492739186" visible="true" version="1" changeset="145939494" timestamp="2024-01-05T22:36:04Z" user="jean-ray2" uid="11285694" lat="28.4282543" lon="83.8217887"/>
 <node id="11492739187" visible="true" version="1" changeset="145939494" timestamp="2024-01-05T22:36:04Z" user="jean-ray2" uid="11285694" lat="28.4281543" lon="83.8221764"/>
 <node id="11492739188" visible="true" version="1" changeset="145939494" timestamp="2024-01-05T22:36:04Z" user="jean-ray2" uid="11285694" lat="28.4282211" lon="83.8223066"/>
 <node id="11492739189" visible="true" version="1" changeset="145939494" timestamp="2024-01-05T22:36:04Z" user="jean-ray2" uid="11285694" lat="28.4291383" lon="83.8269454"/>
 <node id="11492739190" visible="true" version="2" changeset="145962367" timestamp="2024-01-06T15:57:05Z" user="jean-ray2" uid="11285694" lat="28.4284109" lon="83.8286973"/>
 <node id="11492739191" visible="true" version="2" changeset="145962367" timestamp="2024-01-06T15:57:05Z" user="jean-ray2" uid="11285694" lat="28.4300189" lon="83.8309938"/>
 <node id="11492739192" visible="true" version="1" changeset="145939494" timestamp="2024-01-05T22:36:04Z" user="jean-ray2" uid="11285694" lat="28.4300252" lon="83.8308945"/>
 <node id="11492739193" visible="true" version="2" changeset="145962367" timestamp="2024-01-06T15:57:05Z" user="jean-ray2" uid="11285694" lat="28.4325824" lon="83.8349720"/>
 <node id="11492739194" visible="true" version="1" changeset="145939494" timestamp="2024-01-05T22:36:04Z" user="jean-ray2" uid="11285694" lat="28.4326032" lon="83.8348760"/>
 <node id="11492739195" visible="true" version="1" changeset="145939494" timestamp="2024-01-05T22:36:04Z" user="jean-ray2" uid="11285694" lat="28.4326016" lon="83.8347155"/>
 <node id="11492739196" visible="true" version="2" changeset="145962367" timestamp="2024-01-06T15:57:05Z" user="jean-ray2" uid="11285694" lat="28.4325970" lon="83.8346426"/>
 <node id="11492739197" visible="true" version="1" changeset="145939494" timestamp="2024-01-05T22:36:04Z" user="jean-ray2" uid="11285694" lat="28.4326120" lon="83.8346326"/>
 <node id="11492739198" visible="true" version="1" changeset="145939494" timestamp="2024-01-05T22:36:04Z" user="jean-ray2" uid="11285694" lat="28.4326634" lon="83.8346823"/>
 <node id="11492739199" visible="true" version="1" changeset="145939494" timestamp="2024-01-05T22:36:04Z" user="jean-ray2" uid="11285694" lat="28.4349243" lon="83.8384175"/>
 <node id="11494074817" visible="true" version="2" changeset="145962367" timestamp="2024-01-06T15:57:05Z" user="jean-ray2" uid="11285694" lat="28.4433475" lon="83.8443932"/>
 <node id="11494074818" visible="true" version="2" changeset="145962367" timestamp="2024-01-06T15:57:05Z" user="jean-ray2" uid="11285694" lat="28.4434269" lon="83.8441899"/>
 <node id="11494074836" visible="true" version="2" changeset="145962367" timestamp="2024-01-06T15:57:05Z" user="jean-ray2" uid="11285694" lat="28.4596174" lon="83.8583934"/>
 <node id="11494074837" visible="true" version="1" changeset="145949660" timestamp="2024-01-06T09:40:10Z" user="jean-ray2" uid="11285694" lat="28.4595990" lon="83.8587638"/>
 <node id="11494074851" visible="true" version="1" changeset="145949660" timestamp="2024-01-06T09:40:10Z" user="jean-ray2" uid="11285694" lat="28.4800935" lon="83.8851811"/>
 <node id="11494074852" visible="true" version="1" changeset="145949660" timestamp="2024-01-06T09:40:10Z" user="jean-ray2" uid="11285694" lat="28.4808721" lon="83.8852146"/>
 <node id="11494074853" visible="true" version="1" changeset="145949660" timestamp="2024-01-06T09:40:10Z" user="jean-ray2" uid="11285694" lat="28.4814079" lon="83.8851833"/>
 <node id="11494082677" visible="true" version="1" changeset="145949660" timestamp="2024-01-06T09:40:10Z" user="jean-ray2" uid="11285694" lat="28.4944469" lon="83.8942962"/>
 <node id="11494082678" visible="true" version="1" changeset="145949660" timestamp="2024-01-06T09:40:10Z" user="jean-ray2" uid="11285694" lat="28.4949358" lon="83.8949331"/>
 <node id="11494082679" visible="true" version="1" changeset="145949660" timestamp="2024-01-06T09:40:10Z" user="jean-ray2" uid="11285694" lat="28.4949813" lon="83.8949917"/>
 <node id="11494082687" visible="true" version="1" changeset="145949660" timestamp="2024-01-06T09:40:10Z" user="jean-ray2" uid="11285694" lat="28.4932887" lon="83.8928401"/>
 <node id="11494082688" visible="true" version="1" changeset="145949660" timestamp="2024-01-06T09:40:10Z" user="jean-ray2" uid="11285694" lat="28.4945101" lon="83.8943283"/>
 <node id="11494082689" visible="true" version="1" changeset="145949660" timestamp="2024-01-06T09:40:10Z" user="jean-ray2" uid="11285694" lat="28.4975485" lon="83.8985806"/>
 <node id="11494082736" visible="true" version="2" changeset="158279677" timestamp="2024-10-24T04:50:35Z" user="smont28" uid="4415167" lat="28.5026058" lon="83.9015945"/>
 <node id="11494082743" visible="true" version="2" changeset="174820109" timestamp="2025-11-18T15:04:43Z" user="rheins" uid="2996489" lat="28.5124463" lon="83.9058458"/>
 <node id="11494149629" visible="true" version="2" changeset="158279963" timestamp="2024-10-24T05:07:03Z" user="smont28" uid="4415167" lat="28.5292347" lon="83.8946953"/>
 <node id="11494149630" visible="true" version="1" changeset="145951450" timestamp="2024-01-06T10:39:44Z" user="jean-ray2" uid="11285694" lat="28.5291827" lon="83.8954188"/>
 <node id="11494149633" visible="true" version="1" changeset="145951450" timestamp="2024-01-06T10:39:44Z" user="jean-ray2" uid="11285694" lat="28.5226493" lon="83.9081857"/>
 <node id="11494149639" visible="true" version="1" changeset="145951450" timestamp="2024-01-06T10:39:44Z" user="jean-ray2" uid="11285694" lat="28.4978223" lon="83.8987347"/>
 <node id="11494149640" visible="true" version="1" changeset="145951450" timestamp="2024-01-06T10:39:44Z" user="jean-ray2" uid="11285694" lat="28.4978033" lon="83.8987101"/>
 <node id="11494149642" visible="true" version="1" changeset="145951450" timestamp="2024-01-06T10:39:44Z" user="jean-ray2" uid="11285694" lat="28.4976355" lon="83.8986494"/>
 <node id="11494149643" visible="true" version="1" changeset="145951450" timestamp="2024-01-06T10:39:44Z" user="jean-ray2" uid="11285694" lat="28.4946748" lon="83.8947864"/>
 <node id="11494149644" visible="true" version="1" changeset="145951450" timestamp="2024-01-06T10:39:44Z" user="jean-ray2" uid="11285694" lat="28.4946826" lon="83.8948654"/>
 <node id="11494149645" visible="true" version="2" changeset="158279677" timestamp="2024-10-24T04:50:35Z" user="smont28" uid="4415167" lat="28.4947534" lon="83.8948857"/>
 <node id="11494149646" visible="true" version="1" changeset="145951450" timestamp="2024-01-06T10:39:44Z" user="jean-ray2" uid="11285694" lat="28.4947958" lon="83.8949194"/>
 <node id="11494149647" visible="true" version="1" changeset="145951450" timestamp="2024-01-06T10:39:44Z" user="jean-ray2" uid="11285694" lat="28.4943267" lon="83.8943932"/>
 <node id="11494149648" visible="true" version="1" changeset="145951450" timestamp="2024-01-06T10:39:44Z" user="jean-ray2" uid="11285694" lat="28.4943080" lon="83.8943321"/>
 <node id="11494154776" visible="true" version="1" changeset="145951450" timestamp="2024-01-06T10:39:44Z" user="jean-ray2" uid="11285694" lat="28.4790422" lon="83.8853412"/>
 <node id="11494154781" visible="true" version="1" changeset="145951450" timestamp="2024-01-06T10:39:44Z" user="jean-ray2" uid="11285694" lat="28.4789841" lon="83.8853658"/>
 <node id="11494154790" visible="true" version="1" changeset="145951450" timestamp="2024-01-06T10:39:44Z" user="jean-ray2" uid="11285694" lat="28.4788463" lon="83.8851082"/>
 <node id="11494154791" visible="true" version="1" changeset="145951450" timestamp="2024-01-06T10:39:44Z" user="jean-ray2" uid="11285694" lat="28.4788926" lon="83.8851058"/>
 <node id="11494154802" visible="true" version="1" changeset="145951450" timestamp="2024-01-06T10:39:44Z" user="jean-ray2" uid="11285694" lat="28.4698902" lon="83.8700102"/>
 <node id="11494695733" visible="true" version="2" changeset="167719681" timestamp="2025-06-17T03:49:49Z" user="BaboucheVerte" uid="6296343" lat="28.4695556" lon="83.8682865"/>
 <node id="11494695734" visible="true" version="1" changeset="145962367" timestamp="2024-01-06T15:57:05Z" user="jean-ray2" uid="11285694" lat="28.4695386" lon="83.8684100"/>
 <node id="11494695735" visible="true" version="1" changeset="145962367" timestamp="2024-01-06T15:57:05Z" user="jean-ray2" uid="11285694" lat="28.4693905" lon="83.8685558"/>
 <node id="11494695736" visible="true" version="1" changeset="145962367" timestamp="2024-01-06T15:57:05Z" user="jean-ray2" uid="11285694" lat="28.4694957" lon="83.8682480"/>
 <node id="11494695737" visible="true" version="1" changeset="145962367" timestamp="2024-01-06T15:57:05Z" user="jean-ray2" uid="11285694" lat="28.4694490" lon="83.8681705"/>
 <node id="11494695738" visible="true" version="1" changeset="145962367" timestamp="2024-01-06T15:57:05Z" user="jean-ray2" uid="11285694" lat="28.4692336" lon="83.8681992"/>
 <node id="11494695739" visible="true" version="1" changeset="145962367" timestamp="2024-01-06T15:57:05Z" user="jean-ray2" uid="11285694" lat="28.4691267" lon="83.8682170"/>
 <node id="11494695740" visible="true" version="1" changeset="145962367" timestamp="2024-01-06T15:57:05Z" user="jean-ray2" uid="11285694" lat="28.4694035" lon="83.8685003"/>
 <node id="11494695741" visible="true" version="1" changeset="145962367" timestamp="2024-01-06T15:57:05Z" user="jean-ray2" uid="11285694" lat="28.4597758" lon="83.8585768"/>
 <node id="11494695744" visible="true" version="1" changeset="145962367" timestamp="2024-01-06T15:57:05Z" user="jean-ray2" uid="11285694" lat="28.4565363" lon="83.8566131"/>
 <node id="11494695750" visible="true" version="1" changeset="145962367" timestamp="2024-01-06T15:57:05Z" user="jean-ray2" uid="11285694" lat="28.4559658" lon="83.8562400"/>
 <node id="11494695751" visible="true" version="1" changeset="145962367" timestamp="2024-01-06T15:57:05Z" user="jean-ray2" uid="11285694" lat="28.4535598" lon="83.8523868"/>
 <node id="11494695752" visible="true" version="1" changeset="145962367" timestamp="2024-01-06T15:57:05Z" user="jean-ray2" uid="11285694" lat="28.4535624" lon="83.8523470"/>
 <node id="11494695753" visible="true" version="1" changeset="145962367" timestamp="2024-01-06T15:57:05Z" user="jean-ray2" uid="11285694" lat="28.4534140" lon="83.8521236"/>
 <node id="11494695754" visible="true" version="1" changeset="145962367" timestamp="2024-01-06T15:57:05Z" user="jean-ray2" uid="11285694" lat="28.4534157" lon="83.8521043"/>
 <node id="11494695755" visible="true" version="1" changeset="145962367" timestamp="2024-01-06T15:57:05Z" user="jean-ray2" uid="11285694" lat="28.4534872" lon="83.8521055"/>
 <node id="11494695756" visible="true" version="1" changeset="145962367" timestamp="2024-01-06T15:57:05Z" user="jean-ray2" uid="11285694" lat="28.4535053" lon="83.8520800"/>
 <node id="11494695757" visible="true" version="1" changeset="145962367" timestamp="2024-01-06T15:57:05Z" user="jean-ray2" uid="11285694" lat="28.4534880" lon="83.8520431"/>
 <node id="11494695758" visible="true" version="1" changeset="145962367" timestamp="2024-01-06T15:57:05Z" user="jean-ray2" uid="11285694" lat="28.4535223" lon="83.8524269"/>
 <node id="11494695759" visible="true" version="1" changeset="145962367" timestamp="2024-01-06T15:57:05Z" user="jean-ray2" uid="11285694" lat="28.4535367" lon="83.8524268"/>
 <node id="11494695760" visible="true" version="1" changeset="145962367" timestamp="2024-01-06T15:57:05Z" user="jean-ray2" uid="11285694" lat="28.4535433" lon="83.8524313"/>
 <node id="11494695761" visible="true" version="1" changeset="145962367" timestamp="2024-01-06T15:57:05Z" user="jean-ray2" uid="11285694" lat="28.4325314" lon="83.8349626"/>
 <node id="11494695762" visible="true" version="1" changeset="145962367" timestamp="2024-01-06T15:57:05Z" user="jean-ray2" uid="11285694" lat="28.4325583" lon="83.8349895"/>
 <node id="11494695763" visible="true" version="1" changeset="145962367" timestamp="2024-01-06T15:57:05Z" user="jean-ray2" uid="11285694" lat="28.4300029" lon="83.8309324"/>
 <node id="11494695764" visible="true" version="1" changeset="145962367" timestamp="2024-01-06T15:57:05Z" user="jean-ray2" uid="11285694" lat="28.4300366" lon="83.8309842"/>
 <node id="11494695765" visible="true" version="1" changeset="145962367" timestamp="2024-01-06T15:57:05Z" user="jean-ray2" uid="11285694" lat="28.4300328" lon="83.8308625"/>
 <node id="11494695766" visible="true" version="1" changeset="145962367" timestamp="2024-01-06T15:57:05Z" user="jean-ray2" uid="11285694" lat="28.4300679" lon="83.8308789"/>
 <node id="11494695767" visible="true" version="1" changeset="145962367" timestamp="2024-01-06T15:57:05Z" user="jean-ray2" uid="11285694" lat="28.4300932" lon="83.8309774"/>
 <node id="11494695768" visible="true" version="1" changeset="145962367" timestamp="2024-01-06T15:57:05Z" user="jean-ray2" uid="11285694" lat="28.4284612" lon="83.8287650"/>
 <node id="11494712669" visible="true" version="1" changeset="145962367" timestamp="2024-01-06T15:57:05Z" user="jean-ray2" uid="11285694" lat="28.4283859" lon="83.8287987"/>
 <node id="11494712670" visible="true" version="1" changeset="145962367" timestamp="2024-01-06T15:57:05Z" user="jean-ray2" uid="11285694" lat="28.4283659" lon="83.8287938"/>
 <node id="11494712671" visible="true" version="1" changeset="145962367" timestamp="2024-01-06T15:57:05Z" user="jean-ray2" uid="11285694" lat="28.4280778" lon="83.8244976"/>
 <node id="11494712672" visible="true" version="1" changeset="145962367" timestamp="2024-01-06T15:57:05Z" user="jean-ray2" uid="11285694" lat="28.4282960" lon="83.8239533"/>
 <node id="11494712673" visible="true" version="1" changeset="145962367" timestamp="2024-01-06T15:57:05Z" user="jean-ray2" uid="11285694" lat="28.4274321" lon="83.8208071"/>
 <node id="11494712674" visible="true" version="1" changeset="145962367" timestamp="2024-01-06T15:57:05Z" user="jean-ray2" uid="11285694" lat="28.4268024" lon="83.8198056"/>
 <node id="11494712675" visible="true" version="1" changeset="145962367" timestamp="2024-01-06T15:57:05Z" user="jean-ray2" uid="11285694" lat="28.4211622" lon="83.8173439"/>
 <node id="11494712677" visible="true" version="1" changeset="145962367" timestamp="2024-01-06T15:57:05Z" user="jean-ray2" uid="11285694" lat="28.4209093" lon="83.8176416"/>
 <node id="11494712684" visible="true" version="1" changeset="145962367" timestamp="2024-01-06T15:57:05Z" user="jean-ray2" uid="11285694" lat="28.4204748" lon="83.8175631"/>
 <node id="11494712693" visible="true" version="1" changeset="145962367" timestamp="2024-01-06T15:57:05Z" user="jean-ray2" uid="11285694" lat="28.4141458" lon="83.8187408"/>
 <node id="11873765977" visible="true" version="1" changeset="150785018" timestamp="2024-05-02T09:44:37Z" user="BaboucheVerte" uid="6296343" lat="28.4971173" lon="83.8974361"/>
 <node id="11873765978" visible="true" version="3" changeset="174820109" timestamp="2025-11-18T15:04:43Z" user="rheins" uid="2996489" lat="28.5309489" lon="83.8795904"/>
 <node id="12280492848" visible="true" version="1" changeset="158235334" timestamp="2024-10-23T03:18:30Z" user="smont28" uid="4415167" lat="28.4219163" lon="83.8170369"/>
 <node id="12280492849" visible="true" version="1" changeset="158235334" timestamp="2024-10-23T03:18:30Z" user="smont28" uid="4415167" lat="28.4219895" lon="83.8171062"/>
 <node id="12284551930" visible="true" version="1" changeset="158279200" timestamp="2024-10-24T04:21:02Z" user="smont28" uid="4415167" lat="28.4370363" lon="83.8390560"/>
 <node id="12284551931" visible="true" version="1" changeset="158279200" timestamp="2024-10-24T04:21:02Z" user="smont28" uid="4415167" lat="28.4376631" lon="83.8397886"/>
 <node id="12284551952" visible="true" version="1" changeset="158279344" timestamp="2024-10-24T04:30:20Z" user="smont28" uid="4415167" lat="28.4762988" lon="83.8790090"/>
 <node id="12284551953" visible="true" version="1" changeset="158279344" timestamp="2024-10-24T04:30:20Z" user="smont28" uid="4415167" lat="28.4763318" lon="83.8790519"/>
 <node id="12284555560" visible="true" version="1" changeset="158279279" timestamp="2024-10-24T04:26:47Z" user="smont28" uid="4415167" lat="28.4751072" lon="83.8775811">
  <tag k="ford" v="yes"/>
 </node>
 <node id="12284555561" visible="true" version="2" changeset="158279344" timestamp="2024-10-24T04:30:20Z" user="smont28" uid="4415167" lat="28.4762726" lon="83.8788848">
  <tag k="ford" v="yes"/>
 </node>
 <node id="12284555562" visible="true" version="1" changeset="158279279" timestamp="2024-10-24T04:26:47Z" user="smont28" uid="4415167" lat="28.4735731" lon="83.8751043"/>
 <node id="12284555563" visible="true" version="1" changeset="158279279" timestamp="2024-10-24T04:26:47Z" user="smont28" uid="4415167" lat="28.4736266" lon="83.8752826"/>
 <node id="12284555564" visible="true" version="1" changeset="158279279" timestamp="2024-10-24T04:26:47Z" user="smont28" uid="4415167" lat="28.4736545" lon="83.8755051"/>
 <node id="12284555565" visible="true" version="1" changeset="158279279" timestamp="2024-10-24T04:26:47Z" user="smont28" uid="4415167" lat="28.4743036" lon="83.8767711"/>
 <node id="12284555566" visible="true" version="1" changeset="158279279" timestamp="2024-10-24T04:26:47Z" user="smont28" uid="4415167" lat="28.4744108" lon="83.8769540"/>
 <node id="12284555567" visible="true" version="1" changeset="158279279" timestamp="2024-10-24T04:26:47Z" user="smont28" uid="4415167" lat="28.4745076" lon="83.8770867"/>
 <node id="12284555568" visible="true" version="1" changeset="158279279" timestamp="2024-10-24T04:26:47Z" user="smont28" uid="4415167" lat="28.4746618" lon="83.8772399"/>
 <node id="12284555569" visible="true" version="1" changeset="158279279" timestamp="2024-10-24T04:26:47Z" user="smont28" uid="4415167" lat="28.4748324" lon="83.8773324"/>
 <node id="12284555570" visible="true" version="1" changeset="158279279" timestamp="2024-10-24T04:26:47Z" user="smont28" uid="4415167" lat="28.4749740" lon="83.8774627"/>
 <node id="12284555571" visible="true" version="1" changeset="158279279" timestamp="2024-10-24T04:26:47Z" user="smont28" uid="4415167" lat="28.4758195" lon="83.8787380"/>
 <node id="12284555572" visible="true" version="1" changeset="158279279" timestamp="2024-10-24T04:26:47Z" user="smont28" uid="4415167" lat="28.4765682" lon="83.8792736"/>
 <node id="12284555573" visible="true" version="1" changeset="158279279" timestamp="2024-10-24T04:26:47Z" user="smont28" uid="4415167" lat="28.4765441" lon="83.8793473"/>
 <node id="12284555574" visible="true" version="1" changeset="158279279" timestamp="2024-10-24T04:26:47Z" user="smont28" uid="4415167" lat="28.4766298" lon="83.8795453"/>
 <node id="12284555575" visible="true" version="1" changeset="158279279" timestamp="2024-10-24T04:26:47Z" user="smont28" uid="4415167" lat="28.4766427" lon="83.8796976"/>
 <node id="12284555576" visible="true" version="1" changeset="158279279" timestamp="2024-10-24T04:26:47Z" user="smont28" uid="4415167" lat="28.4767745" lon="83.8798213"/>
 <node id="12284555577" visible="true" version="1" changeset="158279279" timestamp="2024-10-24T04:26:47Z" user="smont28" uid="4415167" lat="28.4769993" lon="83.8800502"/>
 <node id="12284555578" visible="true" version="1" changeset="158279279" timestamp="2024-10-24T04:26:47Z" user="smont28" uid="4415167" lat="28.4771550" lon="83.8805081"/>
 <node id="12284555579" visible="true" version="1" changeset="158279279" timestamp="2024-10-24T04:26:47Z" user="smont28" uid="4415167" lat="28.4775405" lon="83.8812979"/>
 <node id="12284555580" visible="true" version="1" changeset="158279279" timestamp="2024-10-24T04:26:47Z" user="smont28" uid="4415167" lat="28.4775975" lon="83.8813682"/>
 <node id="12284555581" visible="true" version="1" changeset="158279279" timestamp="2024-10-24T04:26:47Z" user="smont28" uid="4415167" lat="28.4775620" lon="83.8814237"/>
 <node id="12284555582" visible="true" version="1" changeset="158279279" timestamp="2024-10-24T04:26:47Z" user="smont28" uid="4415167" lat="28.4775255" lon="83.8815202"/>
 <node id="12284555583" visible="true" version="1" changeset="158279279" timestamp="2024-10-24T04:26:47Z" user="smont28" uid="4415167" lat="28.4777131" lon="83.8820182"/>
 <node id="12284555584" visible="true" version="1" changeset="158279279" timestamp="2024-10-24T04:26:47Z" user="smont28" uid="4415167" lat="28.4776694" lon="83.8821704"/>
 <node id="12284555585" visible="true" version="1" changeset="158279279" timestamp="2024-10-24T04:26:47Z" user="smont28" uid="4415167" lat="28.4776598" lon="83.8823188"/>
 <node id="12284555586" visible="true" version="1" changeset="158279279" timestamp="2024-10-24T04:26:47Z" user="smont28" uid="4415167" lat="28.4777687" lon="83.8823526"/>
 <node id="12284555587" visible="true" version="1" changeset="158279279" timestamp="2024-10-24T04:26:47Z" user="smont28" uid="4415167" lat="28.4778590" lon="83.8829928"/>
 <node id="12284555588" visible="true" version="1" changeset="158279279" timestamp="2024-10-24T04:26:47Z" user="smont28" uid="4415167" lat="28.4779476" lon="83.8830001"/>
 <node id="12284555589" visible="true" version="1" changeset="158279279" timestamp="2024-10-24T04:26:47Z" user="smont28" uid="4415167" lat="28.4778844" lon="83.8832124"/>
 <node id="12284555590" visible="true" version="1" changeset="158279279" timestamp="2024-10-24T04:26:47Z" user="smont28" uid="4415167" lat="28.4779674" lon="83.8832560"/>
 <node id="12284570654" visible="true" version="1" changeset="158279677" timestamp="2024-10-24T04:50:35Z" user="smont28" uid="4415167" lat="28.4881783" lon="83.8912517"/>
 <node id="12284570655" visible="true" version="1" changeset="158279677" timestamp="2024-10-24T04:50:35Z" user="smont28" uid="4415167" lat="28.4883808" lon="83.8915893"/>
 <node id="12284570656" visible="true" version="1" changeset="158279677" timestamp="2024-10-24T04:50:35Z" user="smont28" uid="4415167" lat="28.4896557" lon="83.8923698"/>
 <node id="12284570658" visible="true" version="1" changeset="158279677" timestamp="2024-10-24T04:50:35Z" user="smont28" uid="4415167" lat="28.4946069" lon="83.8947591"/>
 <node id="12284570659" visible="true" version="1" changeset="158279677" timestamp="2024-10-24T04:50:35Z" user="smont28" uid="4415167" lat="28.4951017" lon="83.8951904"/>
 <node id="12284570660" visible="true" version="1" changeset="158279677" timestamp="2024-10-24T04:50:35Z" user="smont28" uid="4415167" lat="28.4952542" lon="83.8953123"/>
 <node id="12284570661" visible="true" version="1" changeset="158279677" timestamp="2024-10-24T04:50:35Z" user="smont28" uid="4415167" lat="28.4954579" lon="83.8954477"/>
 <node id="12284570662" visible="true" version="2" changeset="158279744" timestamp="2024-10-24T04:55:40Z" user="smont28" uid="4415167" lat="28.4964080" lon="83.8964235"/>
 <node id="12284570663" visible="true" version="1" changeset="158279677" timestamp="2024-10-24T04:50:35Z" user="smont28" uid="4415167" lat="28.4973772" lon="83.8983271"/>
 <node id="12284570664" visible="true" version="1" changeset="158279677" timestamp="2024-10-24T04:50:35Z" user="smont28" uid="4415167" lat="28.5027660" lon="83.9017642"/>
 <node id="12284570665" visible="true" version="1" changeset="158279677" timestamp="2024-10-24T04:50:35Z" user="smont28" uid="4415167" lat="28.5031906" lon="83.9016826"/>
 <node id="12284570666" visible="true" version="1" changeset="158279677" timestamp="2024-10-24T04:50:35Z" user="smont28" uid="4415167" lat="28.5032500" lon="83.9016698"/>
 <node id="12284570667" visible="true" version="1" changeset="158279677" timestamp="2024-10-24T04:50:35Z" user="smont28" uid="4415167" lat="28.5041749" lon="83.9023183"/>
 <node id="12284570668" visible="true" version="1" changeset="158279677" timestamp="2024-10-24T04:50:35Z" user="smont28" uid="4415167" lat="28.5042039" lon="83.9023621"/>
 <node id="12284570669" visible="true" version="1" changeset="158279677" timestamp="2024-10-24T04:50:35Z" user="smont28" uid="4415167" lat="28.5044411" lon="83.9028061"/>
 <node id="12284570670" visible="true" version="1" changeset="158279677" timestamp="2024-10-24T04:50:35Z" user="smont28" uid="4415167" lat="28.5045500" lon="83.9029469"/>
 <node id="12284570671" visible="true" version="1" changeset="158279677" timestamp="2024-10-24T04:50:35Z" user="smont28" uid="4415167" lat="28.5045767" lon="83.9029874"/>
 <node id="12284570672" visible="true" version="1" changeset="158279677" timestamp="2024-10-24T04:50:35Z" user="smont28" uid="4415167" lat="28.5046453" lon="83.9030902"/>
 <node id="12284570673" visible="true" version="1" changeset="158279677" timestamp="2024-10-24T04:50:35Z" user="smont28" uid="4415167" lat="28.5046802" lon="83.9031124"/>
 <node id="12284570674" visible="true" version="1" changeset="158279677" timestamp="2024-10-24T04:50:35Z" user="smont28" uid="4415167" lat="28.5047283" lon="83.9031058"/>
 <node id="12284570675" visible="true" version="1" changeset="158279677" timestamp="2024-10-24T04:50:35Z" user="smont28" uid="4415167" lat="28.5059574" lon="83.9039086"/>
 <node id="12284570676" visible="true" version="2" changeset="174820109" timestamp="2025-11-18T15:04:43Z" user="rheins" uid="2996489" lat="28.5078026" lon="83.9044091"/>
 <node id="12284570677" visible="true" version="1" changeset="158279677" timestamp="2024-10-24T04:50:35Z" user="smont28" uid="4415167" lat="28.5111583" lon="83.9050007">
  <tag k="ford" v="yes"/>
 </node>
 <node id="12284570678" visible="true" version="1" changeset="158279677" timestamp="2024-10-24T04:50:35Z" user="smont28" uid="4415167" lat="28.5108089" lon="83.9047700"/>
 <node id="12284570679" visible="true" version="2" changeset="158279963" timestamp="2024-10-24T05:07:03Z" user="smont28" uid="4415167" lat="28.5106867" lon="83.9046613"/>
 <node id="12284570680" visible="true" version="2" changeset="174820109" timestamp="2025-11-18T15:04:43Z" user="rheins" uid="2996489" lat="28.5123443" lon="83.9057297">
  <tag k="ford" v="yes"/>
 </node>
 <node id="12284570681" visible="true" version="1" changeset="158279677" timestamp="2024-10-24T04:50:35Z" user="smont28" uid="4415167" lat="28.5142020" lon="83.9063559"/>
 <node id="12284570682" visible="true" version="1" changeset="158279677" timestamp="2024-10-24T04:50:35Z" user="smont28" uid="4415167" lat="28.5168618" lon="83.9074652">
  <tag k="ford" v="yes"/>
 </node>
 <node id="12284570683" visible="true" version="1" changeset="158279677" timestamp="2024-10-24T04:50:35Z" user="smont28" uid="4415167" lat="28.5166148" lon="83.9074134"/>
 <node id="12284570684" visible="true" version="1" changeset="158279677" timestamp="2024-10-24T04:50:35Z" user="smont28" uid="4415167" lat="28.5173558" lon="83.9075882"/>
 <node id="12284570685" visible="true" version="1" changeset="158279677" timestamp="2024-10-24T04:50:35Z" user="smont28" uid="4415167" lat="28.5179460" lon="83.9076451"/>
 <node id="12284570686" visible="true" version="1" changeset="158279677" timestamp="2024-10-24T04:50:35Z" user="smont28" uid="4415167" lat="28.5183105" lon="83.9077776"/>
 <node id="12284570687" visible="true" version="1" changeset="158279677" timestamp="2024-10-24T04:50:35Z" user="smont28" uid="4415167" lat="28.5185045" lon="83.9076445"/>
 <node id="12284570688" visible="true" version="1" changeset="158279677" timestamp="2024-10-24T04:50:35Z" user="smont28" uid="4415167" lat="28.5185960" lon="83.9075190"/>
 <node id="12284570697" visible="true" version="1" changeset="158279677" timestamp="2024-10-24T04:50:35Z" user="smont28" uid="4415167" lat="28.5207477" lon="83.9080526"/>
 <node id="12284570698" visible="true" version="1" changeset="158279677" timestamp="2024-10-24T04:50:35Z" user="smont28" uid="4415167" lat="28.5212500" lon="83.9081036"/>
 <node id="12284570699" visible="true" version="1" changeset="158279677" timestamp="2024-10-24T04:50:35Z" user="smont28" uid="4415167" lat="28.5214574" lon="83.9080687"/>
 <node id="12284570700" visible="true" version="1" changeset="158279677" timestamp="2024-10-24T04:50:35Z" user="smont28" uid="4415167" lat="28.5218007" lon="83.9081033"/>
 <node id="12284578070" visible="true" version="2" changeset="158279963" timestamp="2024-10-24T05:07:03Z" user="smont28" uid="4415167" lat="28.4921272" lon="83.8924245"/>
 <node id="12284578071" visible="true" version="2" changeset="158279963" timestamp="2024-10-24T05:07:03Z" user="smont28" uid="4415167" lat="28.4922693" lon="83.8924996"/>
 <node id="12284578072" visible="true" version="2" changeset="158279963" timestamp="2024-10-24T05:07:03Z" user="smont28" uid="4415167" lat="28.4924257" lon="83.8925367"/>
 <node id="12284578073" visible="true" version="2" changeset="158279963" timestamp="2024-10-24T05:07:03Z" user="smont28" uid="4415167" lat="28.4924876" lon="83.8924493"/>
 <node id="12284578074" visible="true" version="2" changeset="158279963" timestamp="2024-10-24T05:07:03Z" user="smont28" uid="4415167" lat="28.4955203" lon="83.8955688"/>
 <node id="12284578075" visible="true" version="1" changeset="158279744" timestamp="2024-10-24T04:55:40Z" user="smont28" uid="4415167" lat="28.4957860" lon="83.8956297"/>
 <node id="12284578076" visible="true" version="1" changeset="158279744" timestamp="2024-10-24T04:55:40Z" user="smont28" uid="4415167" lat="28.4958276" lon="83.8957161"/>
 <node id="12284578077" visible="true" version="1" changeset="158279744" timestamp="2024-10-24T04:55:40Z" user="smont28" uid="4415167" lat="28.4958273" lon="83.8957867"/>
 <node id="12284578078" visible="true" version="1" changeset="158279744" timestamp="2024-10-24T04:55:40Z" user="smont28" uid="4415167" lat="28.4961084" lon="83.8961605"/>
 <node id="12284578079" visible="true" version="1" changeset="158279744" timestamp="2024-10-24T04:55:40Z" user="smont28" uid="4415167" lat="28.4961659" lon="83.8961320"/>
 <node id="12284578080" visible="true" version="1" changeset="158279744" timestamp="2024-10-24T04:55:40Z" user="smont28" uid="4415167" lat="28.4962293" lon="83.8961312"/>
 <node id="12284578081" visible="true" version="1" changeset="158279744" timestamp="2024-10-24T04:55:40Z" user="smont28" uid="4415167" lat="28.4962685" lon="83.8962637"/>
 <node id="12284578083" visible="true" version="2" changeset="158279963" timestamp="2024-10-24T05:07:03Z" user="smont28" uid="4415167" lat="28.4965615" lon="83.8967299"/>
 <node id="12284578084" visible="true" version="1" changeset="158279744" timestamp="2024-10-24T04:55:40Z" user="smont28" uid="4415167" lat="28.4966256" lon="83.8967688"/>
 <node id="12284578085" visible="true" version="1" changeset="158279744" timestamp="2024-10-24T04:55:40Z" user="smont28" uid="4415167" lat="28.4968642" lon="83.8970601"/>
 <node id="12284600901" visible="true" version="1" changeset="158279677" timestamp="2024-10-24T04:50:35Z" user="smont28" uid="4415167" lat="28.5220004" lon="83.9081854"/>
 <node id="12284600902" visible="true" version="2" changeset="158279963" timestamp="2024-10-24T05:07:03Z" user="smont28" uid="4415167" lat="28.5280884" lon="83.8993180"/>
 <node id="12284600903" visible="true" version="2" changeset="158279963" timestamp="2024-10-24T05:07:03Z" user="smont28" uid="4415167" lat="28.5280640" lon="83.8990835"/>
 <node id="12284600904" visible="true" version="2" changeset="158279963" timestamp="2024-10-24T05:07:03Z" user="smont28" uid="4415167" lat="28.5281585" lon="83.8986756"/>
 <node id="12284600905" visible="true" version="1" changeset="158279677" timestamp="2024-10-24T04:50:35Z" user="smont28" uid="4415167" lat="28.5291876" lon="83.8959715"/>
 <node id="12284600906" visible="true" version="1" changeset="158279677" timestamp="2024-10-24T04:50:35Z" user="smont28" uid="4415167" lat="28.5291692" lon="83.8962656"/>
 <node id="12284600907" visible="true" version="1" changeset="158279677" timestamp="2024-10-24T04:50:35Z" user="smont28" uid="4415167" lat="28.5291496" lon="83.8963501"/>
 <node id="12284600908" visible="true" version="1" changeset="158279677" timestamp="2024-10-24T04:50:35Z" user="smont28" uid="4415167" lat="28.5290617" lon="83.8965605"/>
 <node id="12284600909" visible="true" version="1" changeset="158279677" timestamp="2024-10-24T04:50:35Z" user="smont28" uid="4415167" lat="28.5294095" lon="83.8925647"/>
 <node id="12284600910" visible="true" version="1" changeset="158279677" timestamp="2024-10-24T04:50:35Z" user="smont28" uid="4415167" lat="28.5294221" lon="83.8928874"/>
 <node id="12284600911" visible="true" version="1" changeset="158279677" timestamp="2024-10-24T04:50:35Z" user="smont28" uid="4415167" lat="28.5294375" lon="83.8931584"/>
 <node id="12284600912" visible="true" version="1" changeset="158279677" timestamp="2024-10-24T04:50:35Z" user="smont28" uid="4415167" lat="28.5294198" lon="83.8934378"/>
 <node id="12284600913" visible="true" version="2" changeset="158279963" timestamp="2024-10-24T05:07:03Z" user="smont28" uid="4415167" lat="28.5294774" lon="83.8921181"/>
 <node id="12284600914" visible="true" version="2" changeset="158279963" timestamp="2024-10-24T05:07:03Z" user="smont28" uid="4415167" lat="28.5295557" lon="83.8916787"/>
 <node id="12284600915" visible="true" version="2" changeset="158279963" timestamp="2024-10-24T05:07:03Z" user="smont28" uid="4415167" lat="28.5295510" lon="83.8914530"/>
 <node id="12284600916" visible="true" version="1" changeset="158279677" timestamp="2024-10-24T04:50:35Z" user="smont28" uid="4415167" lat="28.5295774" lon="83.8910870"/>
 <node id="12284600917" visible="true" version="1" changeset="158279677" timestamp="2024-10-24T04:50:35Z" user="smont28" uid="4415167" lat="28.5295820" lon="83.8909649"/>
 <node id="12284600918" visible="true" version="1" changeset="158279677" timestamp="2024-10-24T04:50:35Z" user="smont28" uid="4415167" lat="28.5295718" lon="83.8908164"/>
 <node id="12284600919" visible="true" version="1" changeset="158279677" timestamp="2024-10-24T04:50:35Z" user="smont28" uid="4415167" lat="28.5295748" lon="83.8907172"/>
 <node id="12284600920" visible="true" version="1" changeset="158279677" timestamp="2024-10-24T04:50:35Z" user="smont28" uid="4415167" lat="28.5295803" lon="83.8906269"/>
 <node id="12284600921" visible="true" version="1" changeset="158279677" timestamp="2024-10-24T04:50:35Z" user="smont28" uid="4415167" lat="28.5295817" lon="83.8903739"/>
 <node id="12284600922" visible="true" version="1" changeset="158279677" timestamp="2024-10-24T04:50:35Z" user="smont28" uid="4415167" lat="28.5296000" lon="83.8902054"/>
 <node id="12284600923" visible="true" version="1" changeset="158279677" timestamp="2024-10-24T04:50:35Z" user="smont28" uid="4415167" lat="28.5296163" lon="83.8899571"/>
 <node id="12284600924" visible="true" version="1" changeset="158279677" timestamp="2024-10-24T04:50:35Z" user="smont28" uid="4415167" lat="28.5296209" lon="83.8898796"/>
 <node id="12284600925" visible="true" version="1" changeset="158279677" timestamp="2024-10-24T04:50:35Z" user="smont28" uid="4415167" lat="28.5296623" lon="83.8897130"/>
 <node id="12284600926" visible="true" version="1" changeset="158279677" timestamp="2024-10-24T04:50:35Z" user="smont28" uid="4415167" lat="28.5296807" lon="83.8896166"/>
 <node id="12284600927" visible="true" version="1" changeset="158279677" timestamp="2024-10-24T04:50:35Z" user="smont28" uid="4415167" lat="28.5296951" lon="83.8895103"/>
 <node id="12284600928" visible="true" version="1" changeset="158279677" timestamp="2024-10-24T04:50:35Z" user="smont28" uid="4415167" lat="28.5296948" lon="83.8893178"/>
 <node id="12284600929" visible="true" version="2" changeset="158279963" timestamp="2024-10-24T05:07:03Z" user="smont28" uid="4415167" lat="28.5297555" lon="83.8890551"/>
 <node id="12284600930" visible="true" version="1" changeset="158279677" timestamp="2024-10-24T04:50:35Z" user="smont28" uid="4415167" lat="28.5297172" lon="83.8892254"/>
 <node id="12284600931" visible="true" version="2" changeset="158279963" timestamp="2024-10-24T05:07:03Z" user="smont28" uid="4415167" lat="28.5297552" lon="83.8889571"/>
 <node id="12284600932" visible="true" version="1" changeset="158279677" timestamp="2024-10-24T04:50:35Z" user="smont28" uid="4415167" lat="28.5302495" lon="83.8867358"/>
 <node id="12284600933" visible="true" version="1" changeset="158279677" timestamp="2024-10-24T04:50:35Z" user="smont28" uid="4415167" lat="28.5308367" lon="83.8843376"/>
 <node id="12284600934" visible="true" version="1" changeset="158279677" timestamp="2024-10-24T04:50:35Z" user="smont28" uid="4415167" lat="28.5310077" lon="83.8815225"/>
 <node id="12284600935" visible="true" version="1" changeset="158279677" timestamp="2024-10-24T04:50:35Z" user="smont28" uid="4415167" lat="28.5309876" lon="83.8812780"/>
 <node id="12284600936" visible="true" version="1" changeset="158279677" timestamp="2024-10-24T04:50:35Z" user="smont28" uid="4415167" lat="28.5310281" lon="83.8814228"/>
 <node id="12284600937" visible="true" version="1" changeset="158279677" timestamp="2024-10-24T04:50:35Z" user="smont28" uid="4415167" lat="28.5309542" lon="83.8808320"/>
 <node id="12284600938" visible="true" version="1" changeset="158279677" timestamp="2024-10-24T04:50:35Z" user="smont28" uid="4415167" lat="28.5309948" lon="83.8807168"/>
 <node id="12284600939" visible="true" version="1" changeset="158279677" timestamp="2024-10-24T04:50:35Z" user="smont28" uid="4415167" lat="28.5310007" lon="83.8806251"/>
 <node id="12284600940" visible="true" version="1" changeset="158279677" timestamp="2024-10-24T04:50:35Z" user="smont28" uid="4415167" lat="28.5310005" lon="83.8805796"/>
 <node id="12284600941" visible="true" version="1" changeset="158279677" timestamp="2024-10-24T04:50:35Z" user="smont28" uid="4415167" lat="28.5310466" lon="83.8804624"/>
 <node id="12284600942" visible="true" version="1" changeset="158279677" timestamp="2024-10-24T04:50:35Z" user="smont28" uid="4415167" lat="28.5310370" lon="83.8804021"/>
 <node id="12284600943" visible="true" version="2" changeset="174820109" timestamp="2025-11-18T15:04:43Z" user="rheins" uid="2996489" lat="28.5309730" lon="83.8799120"/>
 <node id="12284600944" visible="true" version="2" changeset="174820109" timestamp="2025-11-18T15:04:43Z" user="rheins" uid="2996489" lat="28.5308685" lon="83.8793534"/>
 <node id="12284600945" visible="true" version="2" changeset="174820109" timestamp="2025-11-18T15:04:43Z" user="rheins" uid="2996489" lat="28.5309198" lon="83.8794900"/>
 <node id="12284600946" visible="true" version="2" changeset="174820109" timestamp="2025-11-18T15:04:43Z" user="rheins" uid="2996489" lat="28.5309538" lon="83.8797757"/>
 <node id="12284603433" visible="true" version="1" changeset="158279963" timestamp="2024-10-24T05:07:03Z" user="smont28" uid="4415167" lat="28.5299462" lon="83.8884361"/>
 <node id="12284603434" visible="true" version="1" changeset="158279963" timestamp="2024-10-24T05:07:03Z" user="smont28" uid="4415167" lat="28.5295238" lon="83.8920461"/>
 <node id="12284603435" visible="true" version="1" changeset="158279963" timestamp="2024-10-24T05:07:03Z" user="smont28" uid="4415167" lat="28.5291855" lon="83.8949378"/>
 <node id="12284603436" visible="true" version="1" changeset="158279963" timestamp="2024-10-24T05:07:03Z" user="smont28" uid="4415167" lat="28.5285526" lon="83.8979779"/>
 <node id="12284603437" visible="true" version="1" changeset="158279963" timestamp="2024-10-24T05:07:03Z" user="smont28" uid="4415167" lat="28.5284282" lon="83.8984233"/>
 <node id="12284603438" visible="true" version="1" changeset="158279963" timestamp="2024-10-24T05:07:03Z" user="smont28" uid="4415167" lat="28.5283112" lon="83.8984544"/>
 <node id="12284603439" visible="true" version="1" changeset="158279963" timestamp="2024-10-24T05:07:03Z" user="smont28" uid="4415167" lat="28.5276594" lon="83.9010719"/>
 <node id="12284603440" visible="true" version="1" changeset="158279963" timestamp="2024-10-24T05:07:03Z" user="smont28" uid="4415167" lat="28.5276540" lon="83.9012145"/>
 <node id="12284603441" visible="true" version="1" changeset="158279963" timestamp="2024-10-24T05:07:03Z" user="smont28" uid="4415167" lat="28.5275834" lon="83.9013406"/>
 <node id="12284603442" visible="true" version="1" changeset="158279963" timestamp="2024-10-24T05:07:03Z" user="smont28" uid="4415167" lat="28.5275718" lon="83.9015776"/>
 <node id="12284603443" visible="true" version="1" changeset="158279963" timestamp="2024-10-24T05:07:03Z" user="smont28" uid="4415167" lat="28.5275132" lon="83.9017781"/>
 <node id="12284603444" visible="true" version="1" changeset="158279963" timestamp="2024-10-24T05:07:03Z" user="smont28" uid="4415167" lat="28.5273542" lon="83.9020083"/>
 <node id="12284603445" visible="true" version="1" changeset="158279963" timestamp="2024-10-24T05:07:03Z" user="smont28" uid="4415167" lat="28.5274390" lon="83.9033893"/>
 <node id="12284603446" visible="true" version="1" changeset="158279963" timestamp="2024-10-24T05:07:03Z" user="smont28" uid="4415167" lat="28.5145514" lon="83.9062439"/>
 <node id="12284603447" visible="true" version="1" changeset="158279963" timestamp="2024-10-24T05:07:03Z" user="smont28" uid="4415167" lat="28.5145931" lon="83.9062429"/>
 <node id="12284603449" visible="true" version="1" changeset="158279963" timestamp="2024-10-24T05:07:03Z" user="smont28" uid="4415167" lat="28.5146524" lon="83.9063035"/>
 <node id="12284603450" visible="true" version="1" changeset="158279963" timestamp="2024-10-24T05:07:03Z" user="smont28" uid="4415167" lat="28.5146604" lon="83.9063733"/>
 <node id="12284603451" visible="true" version="1" changeset="158279963" timestamp="2024-10-24T05:07:03Z" user="smont28" uid="4415167" lat="28.5146702" lon="83.9064055"/>
 <node id="12284603452" visible="true" version="1" changeset="158279963" timestamp="2024-10-24T05:07:03Z" user="smont28" uid="4415167" lat="28.5115311" lon="83.9054178"/>
 <node id="12284603453" visible="true" version="1" changeset="158279963" timestamp="2024-10-24T05:07:03Z" user="smont28" uid="4415167" lat="28.5117313" lon="83.9055687"/>
 <node id="12284603454" visible="true" version="1" changeset="158279963" timestamp="2024-10-24T05:07:03Z" user="smont28" uid="4415167" lat="28.5118176" lon="83.9056716"/>
 <node id="12284603455" visible="true" version="1" changeset="158279963" timestamp="2024-10-24T05:07:03Z" user="smont28" uid="4415167" lat="28.5119056" lon="83.9057158"/>
 <node id="12284603456" visible="true" version="1" changeset="158279963" timestamp="2024-10-24T05:07:03Z" user="smont28" uid="4415167" lat="28.5119646" lon="83.9057626"/>
 <node id="12284603457" visible="true" version="1" changeset="158279963" timestamp="2024-10-24T05:07:03Z" user="smont28" uid="4415167" lat="28.5100714" lon="83.9046527"/>
 <node id="12284603458" visible="true" version="1" changeset="158279963" timestamp="2024-10-24T05:07:03Z" user="smont28" uid="4415167" lat="28.5091511" lon="83.9047562"/>
 <node id="12284603459" visible="true" version="1" changeset="158279963" timestamp="2024-10-24T05:07:03Z" user="smont28" uid="4415167" lat="28.5089207" lon="83.9047185"/>
 <node id="12284603471" visible="true" version="1" changeset="158279963" timestamp="2024-10-24T05:07:03Z" user="smont28" uid="4415167" lat="28.4953477" lon="83.8953884"/>
 <node id="12284603472" visible="true" version="1" changeset="158279963" timestamp="2024-10-24T05:07:03Z" user="smont28" uid="4415167" lat="28.4933988" lon="83.8931285"/>
 <node id="12920552349" visible="true" version="1" changeset="167719681" timestamp="2025-06-17T03:49:49Z" user="BaboucheVerte" uid="6296343" lat="28.4890325" lon="83.8921771"/>
 <node id="12920552350" visible="true" version="1" changeset="167719681" timestamp="2025-06-17T03:49:49Z" user="BaboucheVerte" uid="6296343" lat="28.4889989" lon="83.8922158"/>
 <node id="12920552351" visible="true" version="1" changeset="167719681" timestamp="2025-06-17T03:49:49Z" user="BaboucheVerte" uid="6296343" lat="28.4889199" lon="83.8923620"/>
 <node id="12920552352" visible="true" version="1" changeset="167719681" timestamp="2025-06-17T03:49:49Z" user="BaboucheVerte" uid="6296343" lat="28.4888150" lon="83.8924062"/>
 <node id="12920552353" visible="true" version="1" changeset="167719681" timestamp="2025-06-17T03:49:49Z" user="BaboucheVerte" uid="6296343" lat="28.4887207" lon="83.8922828"/>
 <node id="12920552354" visible="true" version="1" changeset="167719681" timestamp="2025-06-17T03:49:49Z" user="BaboucheVerte" uid="6296343" lat="28.4886767" lon="83.8920692"/>
 <node id="12920552360" visible="true" version="1" changeset="167719681" timestamp="2025-06-17T03:49:49Z" user="BaboucheVerte" uid="6296343" lat="28.4670572" lon="83.8656831">
  <tag k="ford" v="yes"/>
 </node>
 <node id="12920552384" visible="true" version="1" changeset="167719681" timestamp="2025-06-17T03:49:49Z" user="BaboucheVerte" uid="6296343" lat="28.4572425" lon="83.8567864"/>
 <node id="12920552393" visible="true" version="1" changeset="167719681" timestamp="2025-06-17T03:49:49Z" user="BaboucheVerte" uid="6296343" lat="28.4504752" lon="83.8482992"/>
 <node id="13313787693" visible="true" version="1" changeset="174820109" timestamp="2025-11-18T15:04:43Z" user="rheins" uid="2996489" lat="28.4971345" lon="83.8971726">
  <tag k="ford" v="yes"/>
 </node>
 <node id="13313787695" visible="true" version="1" changeset="174820109" timestamp="2025-11-18T15:04:43Z" user="rheins" uid="2996489" lat="28.4256277" lon="83.8190767"/>
 <way id="26778427" visible="true" version="35" changeset="158279963" timestamp="2024-10-24T05:07:03Z" user="smont28" uid="4415167">
  <nd ref="5375601178"/>
  <nd ref="5375601205"/>
  <nd ref="5375601206"/>
  <nd ref="5375601207"/>
  <nd ref="5375601208"/>
  <nd ref="5375601209"/>
  <nd ref="5375601210"/>
  <nd ref="5375601211"/>
  <nd ref="5375601212"/>
  <nd ref="5375601213"/>
  <nd ref="5375601214"/>
  <nd ref="5858784198"/>
  <nd ref="5375601215"/>
  <nd ref="5375601216"/>
  <nd ref="5375601217"/>
  <nd ref="5375601218"/>
  <nd ref="5375601219"/>
  <nd ref="12284600944"/>
  <nd ref="12284600945"/>
  <nd ref="11873765978"/>
  <nd ref="12284600946"/>
  <nd ref="12284600943"/>
  <nd ref="5375601324"/>
  <nd ref="12284600942"/>
  <nd ref="12284600941"/>
  <nd ref="5375601325"/>
  <nd ref="12284600940"/>
  <nd ref="12284600939"/>
  <nd ref="12284600938"/>
  <nd ref="12284600937"/>
  <nd ref="5375601326"/>
  <nd ref="5375601327"/>
  <nd ref="12284600935"/>
  <nd ref="12284600936"/>
  <nd ref="5375601328"/>
  <nd ref="12284600934"/>
  <nd ref="388572054"/>
  <nd ref="5858784185"/>
  <nd ref="388572053"/>
  <nd ref="6965610146"/>
  <nd ref="5858784184"/>
  <nd ref="6965610145"/>
  <nd ref="6965610144"/>
  <nd ref="6965610143"/>
  <nd ref="6965610142"/>
  <nd ref="6965610141"/>
  <nd ref="293725469"/>
  <nd ref="6965610140"/>
  <nd ref="6965610139"/>
  <nd ref="6965610138"/>
  <nd ref="6965610137"/>
  <nd ref="6965610136"/>
  <nd ref="12284600933"/>
  <nd ref="6965610135"/>
  <nd ref="1718429792"/>
  <nd ref="6965610134"/>
  <nd ref="6965610133"/>
  <nd ref="6965610132"/>
  <nd ref="6965610131"/>
  <nd ref="6965610130"/>
  <nd ref="293725471"/>
  <nd ref="6965610129"/>
  <nd ref="6965610128"/>
  <nd ref="1718429791"/>
  <nd ref="12284600932"/>
  <nd ref="6965610127"/>
  <nd ref="6965610126"/>
  <nd ref="1718429790"/>
  <nd ref="6965610125"/>
  <nd ref="6965610124"/>
  <nd ref="388572047"/>
  <nd ref="6965610123"/>
  <nd ref="12284603433"/>
  <nd ref="6965610122"/>
  <nd ref="388572046"/>
  <nd ref="12284600931"/>
  <nd ref="12284600929"/>
  <nd ref="6965610121"/>
  <nd ref="12284600930"/>
  <nd ref="12284600928"/>
  <nd ref="6965610120"/>
  <nd ref="12284600927"/>
  <nd ref="6965610119"/>
  <nd ref="12284600926"/>
  <nd ref="12284600925"/>
  <nd ref="12284600924"/>
  <nd ref="12284600923"/>
  <nd ref="293725475"/>
  <nd ref="12284600922"/>
  <nd ref="12284600921"/>
  <nd ref="1718429788"/>
  <nd ref="12284600920"/>
  <nd ref="12284600919"/>
  <nd ref="12284600918"/>
  <nd ref="12284600917"/>
  <nd ref="12284600916"/>
  <nd ref="1718429789"/>
  <nd ref="12284600915"/>
  <nd ref="12284600914"/>
  <nd ref="6965610118"/>
  <nd ref="12284603434"/>
  <nd ref="12284600913"/>
  <nd ref="1718429786"/>
  <nd ref="12284600909"/>
  <nd ref="5858784186"/>
  <nd ref="12284600910"/>
  <nd ref="6965610117"/>
  <nd ref="12284600911"/>
  <nd ref="1718429787"/>
  <nd ref="12284600912"/>
  <nd ref="6965610116"/>
  <nd ref="5858784187"/>
  <nd ref="5858784188"/>
  <nd ref="1718429785"/>
  <nd ref="11494149629"/>
  <nd ref="12284603435"/>
  <nd ref="5858784189"/>
  <nd ref="5858784190"/>
  <nd ref="11494149630"/>
  <nd ref="5858784191"/>
  <nd ref="293725479"/>
  <nd ref="5858784192"/>
  <nd ref="12284600905"/>
  <nd ref="6965610115"/>
  <nd ref="12284600906"/>
  <nd ref="12284600907"/>
  <nd ref="1718429784"/>
  <nd ref="5858784193"/>
  <nd ref="12284600908"/>
  <nd ref="1718429783"/>
  <nd ref="5858784194"/>
  <nd ref="388572044"/>
  <nd ref="5858784195"/>
  <nd ref="1718429782"/>
  <nd ref="5858784196"/>
  <nd ref="1718429781"/>
  <nd ref="12284603436"/>
  <nd ref="293725484"/>
  <nd ref="1718429780"/>
  <nd ref="12284603437"/>
  <nd ref="12284603438"/>
  <nd ref="388572042"/>
  <nd ref="12284600904"/>
  <nd ref="5858784197"/>
  <nd ref="12284600903"/>
  <nd ref="12284600902"/>
  <nd ref="1718429779"/>
  <nd ref="5858784183"/>
  <nd ref="1718429776"/>
  <nd ref="5858784182"/>
  <nd ref="293725488"/>
  <nd ref="5858784181"/>
  <nd ref="1718429775"/>
  <nd ref="5858784180"/>
  <nd ref="12284603439"/>
  <nd ref="12284603440"/>
  <nd ref="1718429774"/>
  <nd ref="12284603441"/>
  <nd ref="5858784179"/>
  <nd ref="12284603442"/>
  <nd ref="1718429773"/>
  <nd ref="12284603443"/>
  <nd ref="6965609946"/>
  <nd ref="1718429770"/>
  <nd ref="12284603444"/>
  <nd ref="388572041"/>
  <nd ref="5858784178"/>
  <nd ref="5858784177"/>
  <nd ref="5858784176"/>
  <nd ref="1718429771"/>
  <nd ref="5858784175"/>
  <nd ref="5858784174"/>
  <nd ref="1718429772"/>
  <nd ref="12284603445"/>
  <nd ref="5858784173"/>
  <nd ref="5858784172"/>
  <nd ref="5858784171"/>
  <nd ref="5858784170"/>
  <nd ref="6965609945"/>
  <nd ref="5858784169"/>
  <nd ref="6965609944"/>
  <nd ref="293725492"/>
  <nd ref="1718429769"/>
  <nd ref="6965609943"/>
  <nd ref="1718429768"/>
  <nd ref="5858784168"/>
  <nd ref="5858784167"/>
  <nd ref="5858784155"/>
  <nd ref="5858784156"/>
  <nd ref="6965609942"/>
  <nd ref="5858784157"/>
  <nd ref="6965609932"/>
  <nd ref="388572036"/>
  <nd ref="5858784163"/>
  <nd ref="5858784166"/>
  <nd ref="388572039"/>
  <nd ref="5858784165"/>
  <nd ref="6965633224"/>
  <nd ref="6965633225"/>
  <nd ref="293725496"/>
  <nd ref="6965633226"/>
  <nd ref="6965633227"/>
  <nd ref="6965633228"/>
  <nd ref="6965633229"/>
  <nd ref="6965633230"/>
  <nd ref="6965633231"/>
  <nd ref="6965633232"/>
  <nd ref="1718429767"/>
  <nd ref="6965633233"/>
  <nd ref="6965633234"/>
  <nd ref="6965633235"/>
  <nd ref="6965633236"/>
  <nd ref="6965633237"/>
  <nd ref="6965633238"/>
  <nd ref="6965633239"/>
  <nd ref="6965633240"/>
  <nd ref="6965633241"/>
  <nd ref="6965633242"/>
  <nd ref="1718429766"/>
  <nd ref="6965633243"/>
  <nd ref="1718429765"/>
  <nd ref="293725500"/>
  <nd ref="6965633248"/>
  <nd ref="6965633249"/>
  <nd ref="6965633250"/>
  <nd ref="5858784114"/>
  <nd ref="6965633251"/>
  <nd ref="6965633252"/>
  <nd ref="6965633253"/>
  <nd ref="6965633254"/>
  <nd ref="5858784115"/>
  <nd ref="5858784116"/>
  <nd ref="5858784117"/>
  <nd ref="5858784118"/>
  <nd ref="293725503"/>
  <nd ref="5858784106"/>
  <nd ref="5858784107"/>
  <tag k="highway" v="path"/>
 </way>
 <way id="26787333" visible="true" version="34" changeset="158279200" timestamp="2024-10-24T04:21:02Z" user="smont28" uid="4415167">
  <nd ref="5858825596"/>
  <nd ref="1268576926"/>
  <nd ref="5858825595"/>
  <nd ref="5858825594"/>
  <nd ref="5858825593"/>
  <nd ref="1268576859"/>
  <nd ref="5858825592"/>
  <nd ref="5858825591"/>
  <nd ref="5858825590"/>
  <nd ref="1718429654"/>
  <nd ref="5858825589"/>
  <nd ref="1718429653"/>
  <nd ref="5858825588"/>
  <nd ref="5858825587"/>
  <nd ref="5858825586"/>
  <nd ref="1718429652"/>
  <nd ref="5858825585"/>
  <nd ref="1268576911"/>
  <nd ref="5858825584"/>
  <nd ref="5858825583"/>
  <nd ref="5858825582"/>
  <nd ref="1718429651"/>
  <nd ref="5858825581"/>
  <nd ref="5858825580"/>
  <nd ref="1718429650"/>
  <nd ref="5858825579"/>
  <nd ref="5858825578"/>
  <nd ref="5858825577"/>
  <nd ref="1268576831"/>
  <nd ref="1718429649"/>
  <nd ref="5858825576"/>
  <nd ref="1268576901"/>
  <nd ref="1718429648"/>
  <nd ref="1268576953"/>
  <nd ref="5858825575"/>
  <nd ref="1718429647"/>
  <nd ref="1268576880"/>
  <nd ref="11494074818"/>
  <nd ref="5858825574"/>
  <nd ref="5858825573"/>
  <nd ref="11494074817"/>
  <nd ref="5858825572"/>
  <nd ref="1718429646"/>
  <nd ref="5858825571"/>
  <nd ref="5858825570"/>
  <nd ref="1268576948"/>
  <nd ref="5858825569"/>
  <nd ref="1718429645"/>
  <nd ref="5858825568"/>
  <nd ref="5858825567"/>
  <nd ref="1718429644"/>
  <nd ref="5858825566"/>
  <nd ref="5858825565"/>
  <nd ref="1718429643"/>
  <nd ref="1718429642"/>
  <nd ref="5858825564"/>
  <nd ref="5858825563"/>
  <nd ref="1268576874"/>
  <nd ref="5858825562"/>
  <nd ref="5858825561"/>
  <nd ref="5858825560"/>
  <nd ref="1718429641"/>
  <nd ref="5858825559"/>
  <nd ref="5858825558"/>
  <nd ref="5858825557"/>
  <nd ref="1268576945"/>
  <nd ref="5858825556"/>
  <nd ref="5858825555"/>
  <nd ref="1718429640"/>
  <nd ref="5858825554"/>
  <nd ref="1268576868"/>
  <nd ref="5858825553"/>
  <nd ref="1718429639"/>
  <nd ref="1718429638"/>
  <nd ref="1718429637"/>
  <nd ref="5858825552"/>
  <nd ref="1718429636"/>
  <nd ref="1718429635"/>
  <nd ref="5858825551"/>
  <nd ref="1718429634"/>
  <nd ref="5858825550"/>
  <nd ref="1718429633"/>
  <nd ref="5858825549"/>
  <nd ref="5858825548"/>
  <nd ref="5858825547"/>
  <nd ref="1718429632"/>
  <nd ref="12284551931"/>
  <nd ref="5858825546"/>
  <nd ref="1718429631"/>
  <nd ref="5858825545"/>
  <nd ref="12284551930"/>
  <nd ref="1718429630"/>
  <nd ref="1718429629"/>
  <nd ref="1718429628"/>
  <nd ref="5858825544"/>
  <nd ref="1268576922"/>
  <nd ref="1718429627"/>
  <nd ref="1718429626"/>
  <nd ref="5858825523"/>
  <nd ref="5858825522"/>
  <nd ref="5858825543"/>
  <nd ref="5858825542"/>
  <nd ref="11492739199"/>
  <nd ref="5858825541"/>
  <nd ref="5858825540"/>
  <nd ref="1268576839"/>
  <nd ref="5858825539"/>
  <nd ref="5858825481"/>
  <nd ref="1718429625"/>
  <nd ref="5858825480"/>
  <nd ref="5858825479"/>
  <nd ref="1268576908"/>
  <nd ref="1718429624"/>
  <nd ref="5858825478"/>
  <nd ref="5858825477"/>
  <nd ref="1718429623"/>
  <nd ref="5858825476"/>
  <nd ref="1718429622"/>
  <nd ref="5858825475"/>
  <nd ref="5858825474"/>
  <nd ref="1718429621"/>
  <nd ref="5858825467"/>
  <nd ref="5858825468"/>
  <nd ref="5858825469"/>
  <nd ref="5858825470"/>
  <nd ref="5858825471"/>
  <nd ref="5858825472"/>
  <nd ref="5858825473"/>
  <nd ref="5858825466"/>
  <nd ref="5858825465"/>
  <nd ref="1718429620"/>
  <nd ref="1268576828"/>
  <nd ref="5858825464"/>
  <nd ref="11492739198"/>
  <nd ref="11492739197"/>
  <nd ref="11492739196"/>
  <nd ref="11492739195"/>
  <nd ref="11492739194"/>
  <nd ref="11492739193"/>
  <nd ref="11494695762"/>
  <nd ref="11494695761"/>
  <nd ref="5858825463"/>
  <nd ref="5858825462"/>
  <nd ref="1718429619"/>
  <nd ref="1718429618"/>
  <nd ref="5858825461"/>
  <nd ref="1718429617"/>
  <nd ref="5858825459"/>
  <nd ref="1718429616"/>
  <nd ref="5858825457"/>
  <nd ref="5858825456"/>
  <nd ref="5858825455"/>
  <nd ref="5858825454"/>
  <nd ref="5858825453"/>
  <nd ref="5858825452"/>
  <nd ref="1268576899"/>
  <nd ref="5858825450"/>
  <nd ref="5858825449"/>
  <nd ref="5858825448"/>
  <nd ref="5858825447"/>
  <nd ref="5858825451"/>
  <nd ref="5858825446"/>
  <nd ref="5858825445"/>
  <nd ref="5858825444"/>
  <nd ref="1268576950"/>
  <nd ref="11494695767"/>
  <nd ref="11494695766"/>
  <nd ref="11494695765"/>
  <nd ref="11492739192"/>
  <nd ref="11494695764"/>
  <nd ref="11492739191"/>
  <nd ref="11494695763"/>
  <nd ref="1718429615"/>
  <nd ref="1718429614"/>
  <nd ref="5858825458"/>
  <nd ref="1718429613"/>
  <nd ref="5858825443"/>
  <nd ref="5858825442"/>
  <nd ref="1718429610"/>
  <nd ref="1718429609"/>
  <nd ref="1718429607"/>
  <nd ref="5858825441"/>
  <nd ref="1718429606"/>
  <nd ref="5858825440"/>
  <nd ref="5858825439"/>
  <nd ref="3421767476"/>
  <nd ref="1268576878"/>
  <nd ref="6965670951"/>
  <nd ref="3421767477"/>
  <nd ref="6965670943"/>
  <nd ref="3421767467"/>
  <nd ref="5858825416"/>
  <nd ref="5858825415"/>
  <nd ref="6965670944"/>
  <nd ref="5858825414"/>
  <nd ref="5858825409"/>
  <nd ref="5858825408"/>
  <nd ref="1718429598"/>
  <nd ref="5858825407"/>
  <nd ref="5858825406"/>
  <nd ref="5858825405"/>
  <nd ref="1718429602"/>
  <nd ref="5858825404"/>
  <nd ref="11494695768"/>
  <nd ref="11494712669"/>
  <nd ref="11494712670"/>
  <nd ref="5858825403"/>
  <nd ref="11492739190"/>
  <nd ref="1268576947"/>
  <nd ref="5858825402"/>
  <nd ref="1718429603"/>
  <nd ref="5858825401"/>
  <nd ref="1718429604"/>
  <nd ref="5858825400"/>
  <nd ref="1268576872"/>
  <nd ref="5858825399"/>
  <nd ref="5858825398"/>
  <nd ref="1718429611"/>
  <nd ref="5858825397"/>
  <nd ref="1268576943"/>
  <nd ref="6965620314"/>
  <nd ref="5858825396"/>
  <nd ref="11492739189"/>
  <nd ref="1718429612"/>
  <nd ref="4513349984"/>
  <nd ref="1268576862"/>
  <nd ref="4513349983"/>
  <nd ref="6965620315"/>
  <nd ref="6965620320"/>
  <nd ref="5858825371"/>
  <nd ref="1718429608"/>
  <nd ref="5858825372"/>
  <nd ref="5858825373"/>
  <nd ref="1718429605"/>
  <nd ref="5858825374"/>
  <nd ref="1268576914"/>
  <nd ref="4514952450"/>
  <nd ref="4514952443"/>
  <nd ref="4514952445"/>
  <nd ref="4514952444"/>
  <nd ref="4514952446"/>
  <nd ref="4514952447"/>
  <nd ref="4514952448"/>
  <nd ref="4514952449"/>
  <nd ref="1268576833"/>
  <tag k="highway" v="path"/>
  <tag k="surface" v="unpaved"/>
  <tag k="surface:note" v="trekking route"/>
 </way>
 <way id="26787334" visible="true" version="3" changeset="61861384" timestamp="2018-08-21T16:10:44Z" user="Yeti-17" uid="6969191">
  <nd ref="293836640"/>
  <nd ref="293836642"/>
  <tag k="bridge" v="yes"/>
  <tag k="bridge:structure" v="simple-suspension"/>
  <tag k="highway" v="path"/>
  <tag k="layer" v="1"/>
 </way>
 <way id="74659222" visible="true" version="23" changeset="174820109" timestamp="2025-11-18T15:04:43Z" user="rheins" uid="2996489">
  <nd ref="293836642"/>
  <nd ref="6965714848"/>
  <nd ref="5846569786"/>
  <nd ref="5846569787"/>
  <nd ref="6965620371"/>
  <nd ref="343731958"/>
  <nd ref="6965620372"/>
  <nd ref="6965620373"/>
  <nd ref="3421767444"/>
  <nd ref="6965620374"/>
  <nd ref="5846569788"/>
  <nd ref="343731935"/>
  <nd ref="6965620375"/>
  <nd ref="6965620376"/>
  <nd ref="5846569789"/>
  <nd ref="6965620377"/>
  <nd ref="6965620378"/>
  <nd ref="293722541"/>
  <nd ref="6965620379"/>
  <nd ref="6965620380"/>
  <nd ref="11494712673"/>
  <nd ref="6965620382"/>
  <nd ref="3421767443"/>
  <nd ref="3421767442"/>
  <nd ref="3421767441"/>
  <nd ref="5858825365"/>
  <nd ref="3421767439"/>
  <nd ref="5858825364"/>
  <nd ref="343731936"/>
  <nd ref="3421767440"/>
  <nd ref="11494712674"/>
  <nd ref="5858825363"/>
  <nd ref="5858825362"/>
  <nd ref="5858825361"/>
  <nd ref="1718429582"/>
  <nd ref="3421767434"/>
  <nd ref="4512948183"/>
  <nd ref="343731937"/>
  <nd ref="4512948184"/>
  <nd ref="4512948185"/>
  <nd ref="13313787695"/>
  <nd ref="6968249495"/>
  <nd ref="1718429581"/>
  <nd ref="4512948182"/>
  <nd ref="3421767427"/>
  <nd ref="3421767426"/>
  <nd ref="6965620695"/>
  <nd ref="6965620696"/>
  <nd ref="6965620697"/>
  <nd ref="343731938"/>
  <nd ref="3421767425"/>
  <nd ref="343731939"/>
  <nd ref="3044866179"/>
  <nd ref="343731940"/>
  <nd ref="4267522371"/>
  <nd ref="11492739185"/>
  <nd ref="3421767419"/>
  <nd ref="3421767420"/>
  <nd ref="3421767418"/>
  <nd ref="3421767417"/>
  <nd ref="343731941"/>
  <nd ref="343731942"/>
  <nd ref="1718429579"/>
  <nd ref="11492739172"/>
  <nd ref="12280492849"/>
  <nd ref="12280492848"/>
  <nd ref="343731943"/>
  <nd ref="11492739173"/>
  <nd ref="11492739171"/>
  <nd ref="11492739170"/>
  <nd ref="11494712675"/>
  <nd ref="6965620709"/>
  <nd ref="11492739169"/>
  <nd ref="11492734468"/>
  <nd ref="6965620708"/>
  <nd ref="6965620707"/>
  <nd ref="6965620706"/>
  <nd ref="6965620705"/>
  <nd ref="11494712677"/>
  <nd ref="6965620704"/>
  <nd ref="6970751244"/>
  <nd ref="6965620703"/>
  <nd ref="343731944"/>
  <nd ref="6970751243"/>
  <nd ref="6970751245"/>
  <nd ref="6970751246"/>
  <nd ref="11494712684"/>
  <nd ref="2291207244"/>
  <nd ref="6970751247"/>
  <nd ref="1718429576"/>
  <tag k="handrail" v="no"/>
  <tag k="highway" v="steps"/>
  <tag k="ramp" v="no"/>
 </way>
 <way id="219995344" visible="true" version="6" changeset="145939494" timestamp="2024-01-05T22:36:04Z" user="jean-ray2" uid="11285694">
  <nd ref="1718429576"/>
  <nd ref="6970751248"/>
  <nd ref="1718429569"/>
  <nd ref="6970751249"/>
  <nd ref="2291207225"/>
  <nd ref="2291207222"/>
  <nd ref="1269367611"/>
  <nd ref="2291207196"/>
  <nd ref="2291207191"/>
  <nd ref="293722544"/>
  <nd ref="2291207174"/>
  <nd ref="2291207168"/>
  <nd ref="2291207165"/>
  <nd ref="1718429567"/>
  <nd ref="2291207160"/>
  <nd ref="11492734467"/>
  <nd ref="1269359778"/>
  <tag k="foot" v="yes"/>
  <tag k="handrail" v="no"/>
  <tag k="highway" v="steps"/>
  <tag k="mule" v="yes"/>
  <tag k="ramp" v="no"/>
  <tag k="surface" v="stone"/>
 </way>
 <way id="219995348" visible="true" version="5" changeset="144317459" timestamp="2023-11-22T09:18:30Z" user="anilhamal" uid="12603895">
  <nd ref="1269359778"/>
  <nd ref="6965572283"/>
  <nd ref="1269367662"/>
  <nd ref="6965572282"/>
  <nd ref="1718429566"/>
  <nd ref="2291207138"/>
  <nd ref="1718429565"/>
  <nd ref="343731945"/>
  <nd ref="343731946"/>
  <nd ref="2291207129"/>
  <nd ref="2291207126"/>
  <nd ref="343731947"/>
  <nd ref="2291207123"/>
  <nd ref="343731948"/>
  <nd ref="2291207122"/>
  <nd ref="343731949"/>
  <nd ref="6968249297"/>
  <nd ref="2291207120"/>
  <nd ref="293722545"/>
  <nd ref="1718429564"/>
  <nd ref="343731950"/>
  <tag k="foot" v="yes"/>
  <tag k="highway" v="path"/>
  <tag k="mule" v="yes"/>
  <tag k="surface" v="stone"/>
 </way>
 <way id="219995379" visible="true" version="5" changeset="145962367" timestamp="2024-01-06T15:57:05Z" user="jean-ray2" uid="11285694">
  <nd ref="343731772"/>
  <nd ref="2291207039"/>
  <nd ref="3066522257"/>
  <nd ref="4508240132"/>
  <nd ref="2291207034"/>
  <nd ref="11494712693"/>
  <nd ref="293722546"/>
  <tag k="highway" v="path"/>
 </way>
 <way id="219995386" visible="true" version="4" changeset="150785018" timestamp="2024-05-02T09:44:37Z" user="BaboucheVerte" uid="6296343">
  <nd ref="343731772"/>
  <nd ref="2291207048"/>
  <nd ref="1718429563"/>
  <nd ref="343731771"/>
  <nd ref="2291207072"/>
  <nd ref="343731950"/>
  <tag k="foot" v="yes"/>
  <tag k="highway" v="steps"/>
  <tag k="mule" v="yes"/>
  <tag k="surface" v="stone"/>
 </way>
 <way id="219995392" visible="true" version="11" changeset="150785018" timestamp="2024-05-02T09:44:37Z" user="BaboucheVerte" uid="6296343">
  <nd ref="2291206994"/>
  <nd ref="6965697438"/>
  <nd ref="343731746"/>
  <nd ref="293722547"/>
  <nd ref="5858825334"/>
  <nd ref="5858825333"/>
  <nd ref="343731747"/>
  <nd ref="2291206964"/>
  <nd ref="5858825332"/>
  <nd ref="2291206960"/>
  <nd ref="2291206961"/>
  <nd ref="343731748"/>
  <nd ref="343731749"/>
  <nd ref="2291206993"/>
  <nd ref="2291206965"/>
  <nd ref="2291206988"/>
  <nd ref="2291206967"/>
  <nd ref="2291206978"/>
  <nd ref="343731750"/>
  <nd ref="2291206984"/>
  <nd ref="5859310286"/>
  <nd ref="2291206958"/>
  <nd ref="343731751"/>
  <nd ref="5858825337"/>
  <nd ref="2291206980"/>
  <nd ref="2291206963"/>
  <nd ref="2291206982"/>
  <nd ref="5858825336"/>
  <nd ref="2291206962"/>
  <nd ref="5858825335"/>
  <nd ref="2291206976"/>
  <nd ref="343731752"/>
  <nd ref="2291206959"/>
  <nd ref="2291206956"/>
  <nd ref="6968249288"/>
  <nd ref="3491129353"/>
  <nd ref="2291206954"/>
  <nd ref="5858825343"/>
  <nd ref="2291206953"/>
  <nd ref="5858825342"/>
  <nd ref="5858825341"/>
  <nd ref="293722548"/>
  <nd ref="388572078"/>
  <tag k="highway" v="path"/>
  <tag k="sac_scale" v="alpine_hiking"/>
 </way>
 <way id="350865278" visible="true" version="5" changeset="167719681" timestamp="2025-06-17T03:49:49Z" user="BaboucheVerte" uid="6296343">
  <nd ref="6966300332"/>
  <nd ref="6966300331"/>
  <nd ref="6966300330"/>
  <nd ref="343733819"/>
  <nd ref="6966300329"/>
  <nd ref="5858825712"/>
  <nd ref="6966300328"/>
  <nd ref="6966300327"/>
  <nd ref="6966300325"/>
  <nd ref="6966300324"/>
  <nd ref="6966300323"/>
  <nd ref="1718429672"/>
  <nd ref="6966300322"/>
  <nd ref="6966300321"/>
  <nd ref="6966300320"/>
  <nd ref="6966300319"/>
  <nd ref="6966300318"/>
  <nd ref="5858825711"/>
  <nd ref="6966300317"/>
  <nd ref="6966300316"/>
  <nd ref="5858825710"/>
  <nd ref="6966300315"/>
  <nd ref="6966300314"/>
  <nd ref="6966300313"/>
  <nd ref="1718429671"/>
  <nd ref="6966300312"/>
  <nd ref="6966300311"/>
  <nd ref="6966300310"/>
  <nd ref="5858825709"/>
  <nd ref="6966300309"/>
  <nd ref="6966300308"/>
  <nd ref="6966300307"/>
  <nd ref="5858825708"/>
  <nd ref="5858825707"/>
  <nd ref="1718429670"/>
  <nd ref="5858825706"/>
  <nd ref="5858825705"/>
  <nd ref="5858825704"/>
  <nd ref="5858825703"/>
  <nd ref="343733820"/>
  <nd ref="5858825702"/>
  <nd ref="5858825701"/>
  <nd ref="5858825700"/>
  <nd ref="1718429669"/>
  <nd ref="5858825699"/>
  <nd ref="5858825698"/>
  <nd ref="5858825697"/>
  <nd ref="5858825696"/>
  <nd ref="1718429667"/>
  <nd ref="5858825695"/>
  <nd ref="5858825694"/>
  <nd ref="5858825693"/>
  <nd ref="5858825692"/>
  <nd ref="5858825691"/>
  <nd ref="1718429666"/>
  <nd ref="5858825690"/>
  <nd ref="343733821"/>
  <nd ref="11494074837"/>
  <nd ref="5858825689"/>
  <nd ref="5858825688"/>
  <nd ref="11494695741"/>
  <nd ref="5858825687"/>
  <nd ref="343733823"/>
  <nd ref="5858825677"/>
  <nd ref="5858825686"/>
  <nd ref="5858825678"/>
  <nd ref="5858825679"/>
  <nd ref="11494074836"/>
  <nd ref="5858825680"/>
  <nd ref="5858825681"/>
  <nd ref="5858825682"/>
  <nd ref="5858825683"/>
  <nd ref="5858825684"/>
  <nd ref="5858825685"/>
  <nd ref="5858825676"/>
  <nd ref="5858825675"/>
  <nd ref="5858825674"/>
  <nd ref="1718429665"/>
  <nd ref="5858825673"/>
  <nd ref="5858825672"/>
  <tag k="highway" v="path"/>
 </way>
 <way id="618573395" visible="true" version="6" changeset="150785018" timestamp="2024-05-02T09:44:37Z" user="BaboucheVerte" uid="6296343">
  <nd ref="1268576833"/>
  <nd ref="5858825370"/>
  <nd ref="5858825369"/>
  <nd ref="5858825368"/>
  <nd ref="1718429586"/>
  <nd ref="1718429588"/>
  <nd ref="5858825367"/>
  <nd ref="11494712671"/>
  <nd ref="1718429585"/>
  <nd ref="5858825366"/>
  <nd ref="5846566971"/>
  <nd ref="1718429600"/>
  <nd ref="5846566972"/>
  <nd ref="5846566973"/>
  <nd ref="1718429601"/>
  <nd ref="5846566974"/>
  <nd ref="5846566975"/>
  <nd ref="5846566976"/>
  <nd ref="11494712672"/>
  <nd ref="5846566977"/>
  <nd ref="5846566978"/>
  <nd ref="1268576903"/>
  <nd ref="5846566979"/>
  <nd ref="5846566980"/>
  <nd ref="5846566981"/>
  <nd ref="5846566982"/>
  <nd ref="5846566983"/>
  <nd ref="5846566984"/>
  <nd ref="5846569785"/>
  <nd ref="1718429596"/>
  <nd ref="1268576956"/>
  <nd ref="3421767454"/>
  <nd ref="3421767452"/>
  <nd ref="3421767453"/>
  <nd ref="3421767451"/>
  <nd ref="11492739188"/>
  <nd ref="1945778659"/>
  <nd ref="11492739187"/>
  <nd ref="3421767446"/>
  <nd ref="1945778664"/>
  <nd ref="3421767445"/>
  <nd ref="11492739186"/>
  <nd ref="293836640"/>
  <tag k="highway" v="steps"/>
 </way>
 <way id="642041264" visible="true" version="5" changeset="145972145" timestamp="2024-01-06T21:27:48Z" user="jean-ray2" uid="11285694">
  <nd ref="6045306746"/>
  <nd ref="6045306745"/>
  <nd ref="6045306744"/>
  <nd ref="6045306743"/>
  <nd ref="6045306742"/>
  <nd ref="6045306741"/>
  <nd ref="6968249264"/>
  <nd ref="6045306740"/>
  <nd ref="6045306739"/>
  <nd ref="6968249262"/>
  <nd ref="6968249263"/>
  <nd ref="6045306738"/>
  <nd ref="6045306737"/>
  <nd ref="6968249261"/>
  <nd ref="6968249265"/>
  <nd ref="6045306736"/>
  <nd ref="6045306735"/>
  <nd ref="6045306734"/>
  <nd ref="6045306733"/>
  <nd ref="6045306732"/>
  <nd ref="6045306731"/>
  <nd ref="6045306730"/>
  <nd ref="6045306729"/>
  <nd ref="6045306728"/>
  <nd ref="6045306727"/>
  <nd ref="6045306726"/>
  <nd ref="6045306725"/>
  <tag k="highway" v="path"/>
  <tag k="mtb:scale" v="3"/>
  <tag k="sac_scale" v="mountain_hiking"/>
 </way>
 <way id="651003807" visible="true" version="4" changeset="145972145" timestamp="2024-01-06T21:27:48Z" user="jean-ray2" uid="11285694">
  <nd ref="6045306749"/>
  <nd ref="6045306746"/>
  <tag k="bridge" v="yes"/>
  <tag k="bridge:structure" v="simple-suspension"/>
  <tag k="highway" v="path"/>
  <tag k="layer" v="1"/>
  <tag k="name:en" v="Jhinu Danda suspension bridge"/>
  <tag k="tourism" v="attraction"/>
 </way>
 <way id="651013439" visible="true" version="2" changeset="145949660" timestamp="2024-01-06T09:40:10Z" user="jean-ray2" uid="11285694">
  <nd ref="5858783166"/>
  <nd ref="11494074852"/>
  <nd ref="5858783165"/>
  <nd ref="5858783164"/>
  <nd ref="5858783163"/>
  <nd ref="5858783162"/>
  <nd ref="5858783161"/>
  <nd ref="5858783160"/>
  <tag k="highway" v="steps"/>
 </way>
 <way id="651013441" visible="true" version="10" changeset="167719681" timestamp="2025-06-17T03:49:49Z" user="BaboucheVerte" uid="6296343">
  <nd ref="11494695733"/>
  <nd ref="11494695736"/>
  <nd ref="11494695737"/>
  <nd ref="5858825746"/>
  <nd ref="5858825745"/>
  <nd ref="11494695738"/>
  <nd ref="1718429685"/>
  <nd ref="11494695739"/>
  <nd ref="5858825744"/>
  <nd ref="1718429684"/>
  <nd ref="5858825743"/>
  <nd ref="343734418"/>
  <nd ref="1718429683"/>
  <nd ref="343734419"/>
  <nd ref="1718429682"/>
  <nd ref="5858825742"/>
  <nd ref="343734420"/>
  <nd ref="5858825741"/>
  <nd ref="5858825740"/>
  <nd ref="5858825739"/>
  <nd ref="5858825738"/>
  <nd ref="5858825737"/>
  <nd ref="12920552360"/>
  <nd ref="343734422"/>
  <nd ref="5858825736"/>
  <nd ref="5858825735"/>
  <nd ref="5858825734"/>
  <nd ref="5858825733"/>
  <nd ref="5858825732"/>
  <nd ref="5858825731"/>
  <nd ref="5858825730"/>
  <nd ref="343734423"/>
  <nd ref="5858825729"/>
  <nd ref="5858825728"/>
  <nd ref="1718429681"/>
  <nd ref="5858825727"/>
  <nd ref="1718429680"/>
  <nd ref="5858825726"/>
  <nd ref="343734425"/>
  <nd ref="5858825725"/>
  <nd ref="5858825724"/>
  <nd ref="343734426"/>
  <nd ref="5858825723"/>
  <nd ref="1718429679"/>
  <nd ref="5858825722"/>
  <nd ref="5858825721"/>
  <nd ref="343734428"/>
  <nd ref="5858825720"/>
  <nd ref="1718429678"/>
  <nd ref="5858825719"/>
  <nd ref="343734429"/>
  <nd ref="5858825718"/>
  <nd ref="1718429677"/>
  <nd ref="5858825717"/>
  <nd ref="1718429675"/>
  <nd ref="343733817"/>
  <nd ref="5858825716"/>
  <nd ref="1718429676"/>
  <nd ref="5858825715"/>
  <nd ref="1718429674"/>
  <nd ref="1718429673"/>
  <nd ref="5858825713"/>
  <nd ref="5858825714"/>
  <nd ref="6966300334"/>
  <tag k="highway" v="path"/>
 </way>
 <way id="744251848" visible="true" version="2" changeset="83505473" timestamp="2020-04-14T04:26:53Z" user="LomasDelGuijarro" uid="9388985">
  <nd ref="5858825597"/>
  <nd ref="5858825596"/>
  <tag k="bridge" v="yes"/>
  <tag k="highway" v="path"/>
  <tag k="layer" v="1"/>
 </way>
 <way id="744254813" visible="true" version="6" changeset="150785018" timestamp="2024-05-02T09:44:37Z" user="BaboucheVerte" uid="6296343">
  <nd ref="293722546"/>
  <nd ref="1718429550"/>
  <nd ref="5858825322"/>
  <nd ref="2291207022"/>
  <nd ref="343731742"/>
  <nd ref="5859310294"/>
  <nd ref="2291207020"/>
  <nd ref="2291207018"/>
  <nd ref="1718429546"/>
  <nd ref="2291207017"/>
  <nd ref="343731743"/>
  <nd ref="6965697440"/>
  <nd ref="2291207015"/>
  <nd ref="2291207014"/>
  <nd ref="6968249292"/>
  <nd ref="6968249291"/>
  <nd ref="2291207012"/>
  <nd ref="2291207011"/>
  <nd ref="2291207008"/>
  <nd ref="6965697439"/>
  <nd ref="2291207007"/>
  <nd ref="5859310293"/>
  <nd ref="5859310290"/>
  <nd ref="2291207004"/>
  <nd ref="5859310292"/>
  <nd ref="343731744"/>
  <nd ref="5859310291"/>
  <nd ref="2291207003"/>
  <nd ref="5859310289"/>
  <nd ref="5859310287"/>
  <nd ref="2291207002"/>
  <nd ref="5859310288"/>
  <nd ref="881809540"/>
  <nd ref="5858825323"/>
  <nd ref="2291207001"/>
  <nd ref="5858825324"/>
  <nd ref="343731745"/>
  <nd ref="5858825325"/>
  <nd ref="5858825326"/>
  <nd ref="2291206991"/>
  <nd ref="5858825327"/>
  <nd ref="5858825328"/>
  <nd ref="5858825329"/>
  <nd ref="2291206990"/>
  <nd ref="5858825330"/>
  <nd ref="5858825331"/>
  <nd ref="2291206994"/>
  <tag k="highway" v="path"/>
  <tag k="sac_scale" v="alpine_hiking"/>
 </way>
 <way id="744316123" visible="true" version="1" changeset="76904982" timestamp="2019-11-11T11:42:28Z" user="krschap" uid="7004124">
  <nd ref="5858784107"/>
  <nd ref="6966252275"/>
  <tag k="bridge" v="yes"/>
  <tag k="highway" v="path"/>
 </way>
 <way id="744316124" visible="true" version="9" changeset="174820109" timestamp="2025-11-18T15:04:43Z" user="rheins" uid="2996489">
  <nd ref="5858784102"/>
  <nd ref="1718429760"/>
  <nd ref="5858784101"/>
  <nd ref="12284570688"/>
  <nd ref="5858784100"/>
  <nd ref="12284570687"/>
  <nd ref="5858784099"/>
  <nd ref="5858784098"/>
  <nd ref="12284570686"/>
  <nd ref="5858784097"/>
  <nd ref="5858784096"/>
  <nd ref="12284570685"/>
  <nd ref="5858784095"/>
  <nd ref="1718429759"/>
  <nd ref="5858784094"/>
  <nd ref="12284570684"/>
  <nd ref="5858784093"/>
  <nd ref="1718429758"/>
  <nd ref="12284570682"/>
  <nd ref="5858784092"/>
  <nd ref="12284570683"/>
  <nd ref="5858784078"/>
  <nd ref="5858784077"/>
  <nd ref="5177632722"/>
  <nd ref="6966299525"/>
  <nd ref="5858784076"/>
  <nd ref="5858784075"/>
  <nd ref="5858784074"/>
  <nd ref="1269359671"/>
  <nd ref="5858784073"/>
  <nd ref="5858784072"/>
  <nd ref="5858784071"/>
  <nd ref="5858784070"/>
  <nd ref="1718429757"/>
  <nd ref="12284603451"/>
  <nd ref="12284603450"/>
  <nd ref="12284603449"/>
  <nd ref="5858784069"/>
  <nd ref="12284603447"/>
  <nd ref="12284603446"/>
  <nd ref="5858784068"/>
  <nd ref="5858784067"/>
  <nd ref="5858784066"/>
  <nd ref="12284570681"/>
  <nd ref="1718429756"/>
  <nd ref="5858784059"/>
  <nd ref="5858784058"/>
  <nd ref="5858784057"/>
  <nd ref="5858784056"/>
  <nd ref="1269359691"/>
  <nd ref="5858784055"/>
  <nd ref="5858784054"/>
  <nd ref="1269359673"/>
  <nd ref="5858784051"/>
  <nd ref="5858784049"/>
  <nd ref="11494082743"/>
  <nd ref="12284570680"/>
  <nd ref="1718429755"/>
  <nd ref="5858784047"/>
  <nd ref="1718429754"/>
  <nd ref="12284603456"/>
  <nd ref="12284603455"/>
  <nd ref="12284603454"/>
  <nd ref="5858784046"/>
  <nd ref="12284603453"/>
  <nd ref="293725511"/>
  <nd ref="12284603452"/>
  <nd ref="5858784045"/>
  <nd ref="5858784044"/>
  <nd ref="5858784043"/>
  <nd ref="12284570677"/>
  <nd ref="5858784042"/>
  <nd ref="5858784041"/>
  <nd ref="5858784040"/>
  <nd ref="12284570678"/>
  <nd ref="343736692"/>
  <nd ref="12284570679"/>
  <nd ref="1269359696"/>
  <nd ref="5858784039"/>
  <nd ref="5858784038"/>
  <nd ref="343736693"/>
  <nd ref="12284603457"/>
  <nd ref="5858784037"/>
  <nd ref="5858784036"/>
  <nd ref="5858784035"/>
  <nd ref="5858784034"/>
  <nd ref="5858784033"/>
  <nd ref="5858784032"/>
  <nd ref="343736694"/>
  <nd ref="12284603458"/>
  <nd ref="5858784031"/>
  <nd ref="5858784030"/>
  <nd ref="12284603459"/>
  <nd ref="5858784029"/>
  <nd ref="5858784028"/>
  <nd ref="343736695"/>
  <nd ref="343736696"/>
  <nd ref="12284570676"/>
  <nd ref="343736697"/>
  <nd ref="1718429753"/>
  <nd ref="5858784021"/>
  <nd ref="5858784020"/>
  <nd ref="343736699"/>
  <nd ref="343736701"/>
  <nd ref="12284570675"/>
  <nd ref="5858784018"/>
  <nd ref="5858784017"/>
  <nd ref="343736136"/>
  <nd ref="5858784016"/>
  <nd ref="6966299729"/>
  <nd ref="6966299730"/>
  <nd ref="6966299731"/>
  <nd ref="6966299732"/>
  <nd ref="6966299733"/>
  <nd ref="12284570674"/>
  <nd ref="12284570673"/>
  <nd ref="12284570672"/>
  <nd ref="6966299734"/>
  <nd ref="12284570671"/>
  <nd ref="12284570670"/>
  <nd ref="6966299735"/>
  <nd ref="12284570669"/>
  <nd ref="6966299736"/>
  <nd ref="6966299737"/>
  <nd ref="6966299738"/>
  <nd ref="12284570668"/>
  <nd ref="12284570667"/>
  <nd ref="6966299739"/>
  <nd ref="6966299740"/>
  <nd ref="6966299741"/>
  <nd ref="6966299742"/>
  <nd ref="6966299743"/>
  <nd ref="6966299744"/>
  <nd ref="6966299745"/>
  <nd ref="6966299746"/>
  <nd ref="12284570666"/>
  <nd ref="12284570665"/>
  <nd ref="6966299747"/>
  <nd ref="6966299748"/>
  <nd ref="6966299749"/>
  <nd ref="6966299750"/>
  <nd ref="6966299751"/>
  <nd ref="12284570664"/>
  <nd ref="6966299752"/>
  <nd ref="6966299753"/>
  <nd ref="11494082736"/>
  <tag k="highway" v="path"/>
 </way>
 <way id="744316140" visible="true" version="10" changeset="174820109" timestamp="2025-11-18T15:04:43Z" user="rheins" uid="2996489">
  <nd ref="6966299760"/>
  <nd ref="6966299761"/>
  <nd ref="6966299762"/>
  <nd ref="6966299763"/>
  <nd ref="6966299764"/>
  <nd ref="6966299765"/>
  <nd ref="6966299766"/>
  <nd ref="6966299767"/>
  <nd ref="6966299768"/>
  <nd ref="6966299769"/>
  <nd ref="6966299770"/>
  <nd ref="6966299771"/>
  <nd ref="6966299772"/>
  <nd ref="6966299773"/>
  <nd ref="6966299774"/>
  <nd ref="6966299775"/>
  <nd ref="6966299776"/>
  <nd ref="6966299777"/>
  <nd ref="6966299778"/>
  <nd ref="6966299779"/>
  <nd ref="6966299780"/>
  <nd ref="6966299781"/>
  <nd ref="6966299782"/>
  <nd ref="8700927022"/>
  <nd ref="6966299783"/>
  <nd ref="6966299784"/>
  <nd ref="6966299785"/>
  <nd ref="6966299786"/>
  <nd ref="343735766"/>
  <nd ref="5858783898"/>
  <nd ref="1718429749"/>
  <nd ref="6966299612"/>
  <nd ref="5858783899"/>
  <nd ref="343735767"/>
  <nd ref="5858783900"/>
  <nd ref="343735768"/>
  <nd ref="5858783901"/>
  <nd ref="5858783902"/>
  <nd ref="5858783903"/>
  <nd ref="4492732298"/>
  <nd ref="5858783904"/>
  <nd ref="4492732297"/>
  <nd ref="5858783905"/>
  <nd ref="4492732296"/>
  <nd ref="5858783906"/>
  <nd ref="11494149639"/>
  <nd ref="11494149640"/>
  <nd ref="343735770"/>
  <nd ref="4492732293"/>
  <nd ref="11494149642"/>
  <nd ref="4492732292"/>
  <nd ref="11494082689"/>
  <nd ref="4492732291"/>
  <nd ref="293725512"/>
  <nd ref="4492732299"/>
  <nd ref="12284570663"/>
  <nd ref="4492732308"/>
  <nd ref="4492732307"/>
  <nd ref="4492732306"/>
  <nd ref="4492732305"/>
  <nd ref="4492732304"/>
  <nd ref="4492732290"/>
  <nd ref="4492732289"/>
  <nd ref="1718429748"/>
  <nd ref="5858783907"/>
  <nd ref="11873765977"/>
  <nd ref="5858783908"/>
  <nd ref="343735771"/>
  <nd ref="5858783909"/>
  <nd ref="13313787693"/>
  <nd ref="343735772"/>
  <nd ref="5858783910"/>
  <nd ref="5858783911"/>
  <nd ref="12284578085"/>
  <nd ref="5858783912"/>
  <nd ref="5858783913"/>
  <nd ref="343735774"/>
  <nd ref="5858783914"/>
  <nd ref="12284578084"/>
  <nd ref="12284578083"/>
  <nd ref="5858783915"/>
  <nd ref="343735775"/>
  <nd ref="5858783916"/>
  <nd ref="5858783917"/>
  <nd ref="12284570662"/>
  <nd ref="5858783918"/>
  <nd ref="12284578081"/>
  <nd ref="5858783919"/>
  <nd ref="12284578080"/>
  <nd ref="12284578079"/>
  <nd ref="12284578078"/>
  <nd ref="5858783920"/>
  <nd ref="343735777"/>
  <nd ref="5858783921"/>
  <nd ref="5858783922"/>
  <nd ref="5858783923"/>
  <nd ref="12284578077"/>
  <nd ref="12284578076"/>
  <nd ref="12284578075"/>
  <nd ref="5858783924"/>
  <nd ref="5858783925"/>
  <nd ref="5858783926"/>
  <nd ref="5858783927"/>
  <nd ref="12284578074"/>
  <nd ref="1718429747"/>
  <nd ref="12284570661"/>
  <nd ref="5858783928"/>
  <nd ref="12284603471"/>
  <nd ref="5858783929"/>
  <nd ref="12284570660"/>
  <nd ref="5858783930"/>
  <nd ref="12284570659"/>
  <nd ref="293725514"/>
  <nd ref="11494082679"/>
  <tag k="highway" v="path"/>
 </way>
 <way id="744316148" visible="true" version="5" changeset="150785018" timestamp="2024-05-02T09:44:37Z" user="BaboucheVerte" uid="6296343">
  <nd ref="5858783152"/>
  <nd ref="6966299876"/>
  <nd ref="6966299877"/>
  <nd ref="6966299880"/>
  <nd ref="6966299881"/>
  <nd ref="6966299883"/>
  <nd ref="6966299887"/>
  <nd ref="6966299890"/>
  <nd ref="6966299893"/>
  <nd ref="6966299894"/>
  <nd ref="6966299895"/>
  <nd ref="6966299898"/>
  <nd ref="6966299899"/>
  <nd ref="6966299900"/>
  <nd ref="11494154776"/>
  <nd ref="6966299909"/>
  <nd ref="11494154781"/>
  <nd ref="6966299910"/>
  <nd ref="11494154791"/>
  <nd ref="11494154790"/>
  <nd ref="6966299911"/>
  <nd ref="6966299912"/>
  <nd ref="6966299913"/>
  <nd ref="6966299914"/>
  <nd ref="6966299915"/>
  <nd ref="6966299916"/>
  <nd ref="6966299917"/>
  <nd ref="6966299918"/>
  <nd ref="6966299919"/>
  <nd ref="6966299920"/>
  <nd ref="6966299921"/>
  <nd ref="6966299922"/>
  <nd ref="6966299923"/>
  <nd ref="6966299924"/>
  <nd ref="6966299925"/>
  <nd ref="6966299926"/>
  <nd ref="6966299927"/>
  <nd ref="6966299928"/>
  <nd ref="5858783142"/>
  <tag k="highway" v="path"/>
 </way>
 <way id="744316166" visible="true" version="1" changeset="76904982" timestamp="2019-11-11T11:42:28Z" user="krschap" uid="7004124">
  <nd ref="6966300189"/>
  <nd ref="5858825773"/>
  <tag k="bridge" v="yes"/>
  <tag k="highway" v="path"/>
  <tag k="type" v="wooden"/>
 </way>
 <way id="744316167" visible="true" version="6" changeset="158279344" timestamp="2024-10-24T04:30:20Z" user="smont28" uid="4415167">
  <nd ref="5858783142"/>
  <nd ref="12284555590"/>
  <nd ref="12284555589"/>
  <nd ref="12284555588"/>
  <nd ref="12284555587"/>
  <nd ref="1718429694"/>
  <nd ref="343734484"/>
  <nd ref="12284555586"/>
  <nd ref="12284555585"/>
  <nd ref="12284555584"/>
  <nd ref="12284555583"/>
  <nd ref="1718429693"/>
  <nd ref="5858783141"/>
  <nd ref="12284555582"/>
  <nd ref="12284555581"/>
  <nd ref="12284555580"/>
  <nd ref="12284555579"/>
  <nd ref="1718429692"/>
  <nd ref="1718429691"/>
  <nd ref="5858783140"/>
  <nd ref="12284555578"/>
  <nd ref="343734392"/>
  <nd ref="12284555577"/>
  <nd ref="5858783139"/>
  <nd ref="12284555576"/>
  <nd ref="12284555575"/>
  <nd ref="12284555574"/>
  <nd ref="1718429690"/>
  <nd ref="12284555573"/>
  <nd ref="12284555572"/>
  <nd ref="1718429689"/>
  <nd ref="5858783138"/>
  <nd ref="12284551953"/>
  <nd ref="12284551952"/>
  <nd ref="343734393"/>
  <nd ref="5858825756"/>
  <nd ref="12284555561"/>
  <nd ref="5858825757"/>
  <nd ref="6966300003"/>
  <nd ref="6966300005"/>
  <nd ref="5858825758"/>
  <nd ref="5858825759"/>
  <nd ref="5858825760"/>
  <nd ref="12284555571"/>
  <nd ref="343734396"/>
  <nd ref="5858825761"/>
  <nd ref="5858825762"/>
  <nd ref="343734397"/>
  <nd ref="5858825763"/>
  <nd ref="5858825764"/>
  <nd ref="343734399"/>
  <nd ref="5858825765"/>
  <nd ref="5858825766"/>
  <nd ref="5858825767"/>
  <nd ref="5858825768"/>
  <nd ref="12284555560"/>
  <nd ref="343734403"/>
  <nd ref="12284555570"/>
  <nd ref="12284555569"/>
  <nd ref="12284555568"/>
  <nd ref="343734404"/>
  <nd ref="12284555567"/>
  <nd ref="12284555566"/>
  <nd ref="12284555565"/>
  <nd ref="343734407"/>
  <nd ref="5858825769"/>
  <nd ref="5858825770"/>
  <nd ref="343734408"/>
  <nd ref="12284555564"/>
  <nd ref="5858825771"/>
  <nd ref="12284555563"/>
  <nd ref="12284555562"/>
  <nd ref="5858825772"/>
  <nd ref="6966300012"/>
  <nd ref="293725516"/>
  <nd ref="343734412"/>
  <nd ref="6966300189"/>
  <tag k="highway" v="path"/>
 </way>
 <way id="744538854" visible="true" version="3" changeset="150785018" timestamp="2024-05-02T09:44:37Z" user="BaboucheVerte" uid="6296343">
  <nd ref="388572078"/>
  <nd ref="6968249287"/>
  <nd ref="6968249286"/>
  <nd ref="6968249285"/>
  <nd ref="6968249284"/>
  <nd ref="6968249283"/>
  <nd ref="6968249282"/>
  <nd ref="6968249281"/>
  <nd ref="6968249280"/>
  <nd ref="6968249279"/>
  <nd ref="6968249278"/>
  <nd ref="6968249277"/>
  <nd ref="6968249276"/>
  <nd ref="6968249275"/>
  <nd ref="6968249274"/>
  <nd ref="6968249273"/>
  <nd ref="5858825355"/>
  <tag k="highway" v="path"/>
 </way>
 <way id="791602655" visible="true" version="5" changeset="167719681" timestamp="2025-06-17T03:49:49Z" user="BaboucheVerte" uid="6296343">
  <nd ref="5858825630"/>
  <nd ref="5858825631"/>
  <nd ref="5858825632"/>
  <nd ref="5858825633"/>
  <nd ref="5858825627"/>
  <nd ref="5858825628"/>
  <nd ref="5858825629"/>
  <nd ref="5858825626"/>
  <nd ref="5858825625"/>
  <nd ref="5858825624"/>
  <nd ref="1268576897"/>
  <nd ref="5858825623"/>
  <nd ref="5858825622"/>
  <nd ref="1718429658"/>
  <nd ref="5858825621"/>
  <nd ref="5858825620"/>
  <nd ref="5858825619"/>
  <nd ref="5858825618"/>
  <nd ref="5858825617"/>
  <nd ref="5858825616"/>
  <nd ref="1268576949"/>
  <nd ref="5858825615"/>
  <nd ref="5858825614"/>
  <nd ref="5858825613"/>
  <nd ref="1268576876"/>
  <nd ref="5858825612"/>
  <nd ref="1718429657"/>
  <nd ref="1747936286"/>
  <nd ref="5858825611"/>
  <nd ref="5858825610"/>
  <tag k="highway" v="path"/>
 </way>
 <way id="1237486872" visible="true" version="6" changeset="167719681" timestamp="2025-06-17T03:49:49Z" user="BaboucheVerte" uid="6296343">
  <nd ref="11494082687"/>
  <nd ref="343735781"/>
  <nd ref="5858783876"/>
  <nd ref="1718429728"/>
  <nd ref="5858783875"/>
  <nd ref="5858783874"/>
  <nd ref="5858783873"/>
  <nd ref="5858783872"/>
  <nd ref="1718429726"/>
  <nd ref="5858783871"/>
  <nd ref="343735784"/>
  <nd ref="5858783870"/>
  <nd ref="5858783869"/>
  <nd ref="12284578073"/>
  <nd ref="1718429718"/>
  <nd ref="12284578072"/>
  <nd ref="5858783866"/>
  <nd ref="12284578071"/>
  <nd ref="5858783865"/>
  <nd ref="12284578070"/>
  <nd ref="1718429714"/>
  <nd ref="5858783864"/>
  <nd ref="5858783860"/>
  <nd ref="5858783861"/>
  <nd ref="5858783862"/>
  <nd ref="5858783863"/>
  <nd ref="5858783859"/>
  <nd ref="343735785"/>
  <nd ref="5858783858"/>
  <nd ref="5858783857"/>
  <nd ref="343735145"/>
  <nd ref="5858783856"/>
  <nd ref="5858783855"/>
  <nd ref="5858783854"/>
  <nd ref="1718429713"/>
  <nd ref="5858783853"/>
  <nd ref="5858783852"/>
  <nd ref="5858783851"/>
  <nd ref="343735147"/>
  <nd ref="5858783850"/>
  <nd ref="5858783849"/>
  <nd ref="5858783848"/>
  <nd ref="5858783847"/>
  <nd ref="343735148"/>
  <nd ref="5858783839"/>
  <nd ref="5858783838"/>
  <nd ref="5858783837"/>
  <nd ref="12284570656"/>
  <nd ref="5858783836"/>
  <nd ref="1718429712"/>
  <nd ref="5858783835"/>
  <nd ref="5858783834"/>
  <nd ref="1718429711"/>
  <nd ref="5858783833"/>
  <nd ref="5858783832"/>
  <nd ref="12920552349"/>
  <tag k="highway" v="path"/>
 </way>
 <way id="1237486873" visible="true" version="2" changeset="150785018" timestamp="2024-05-02T09:44:37Z" user="BaboucheVerte" uid="6296343">
  <nd ref="5858783877"/>
  <nd ref="11494082687"/>
  <tag k="bridge" v="yes"/>
  <tag k="highway" v="path"/>
  <tag k="layer" v="1"/>
 </way>
 <way id="1237486874" visible="true" version="4" changeset="158279963" timestamp="2024-10-24T05:07:03Z" user="smont28" uid="4415167">
  <nd ref="11494082677"/>
  <nd ref="1718429733"/>
  <nd ref="11494149647"/>
  <nd ref="11494149648"/>
  <nd ref="5858783889"/>
  <nd ref="5858783888"/>
  <nd ref="343735778"/>
  <nd ref="5858783887"/>
  <nd ref="1718429731"/>
  <nd ref="1718429732"/>
  <nd ref="5858783886"/>
  <nd ref="343735779"/>
  <nd ref="5858783885"/>
  <nd ref="1718429730"/>
  <nd ref="5858783884"/>
  <nd ref="1718429729"/>
  <nd ref="5858783883"/>
  <nd ref="343735780"/>
  <nd ref="5858783882"/>
  <nd ref="5858783881"/>
  <nd ref="5858783880"/>
  <nd ref="12284603472"/>
  <nd ref="5858783879"/>
  <nd ref="5858783878"/>
  <nd ref="5858783877"/>
  <tag k="highway" v="path"/>
 </way>
 <way id="1237486875" visible="true" version="2" changeset="150785018" timestamp="2024-05-02T09:44:37Z" user="BaboucheVerte" uid="6296343">
  <nd ref="11494082688"/>
  <nd ref="11494082677"/>
  <tag k="bridge" v="yes"/>
  <tag k="highway" v="path"/>
  <tag k="layer" v="1"/>
 </way>
 <way id="1237486876" visible="true" version="4" changeset="158279677" timestamp="2024-10-24T04:50:35Z" user="smont28" uid="4415167">
  <nd ref="11494082678"/>
  <nd ref="1718429746"/>
  <nd ref="11494149646"/>
  <nd ref="11494149645"/>
  <nd ref="11494149644"/>
  <nd ref="11494149643"/>
  <nd ref="1718429738"/>
  <nd ref="12284570658"/>
  <nd ref="1718429736"/>
  <nd ref="1718429734"/>
  <nd ref="11494082688"/>
  <tag k="highway" v="path"/>
 </way>
 <way id="1237486877" visible="true" version="2" changeset="150785018" timestamp="2024-05-02T09:44:37Z" user="BaboucheVerte" uid="6296343">
  <nd ref="11494082679"/>
  <nd ref="11494082678"/>
  <tag k="bridge" v="yes"/>
  <tag k="highway" v="path"/>
  <tag k="layer" v="1"/>
 </way>
 <way id="1237486881" visible="true" version="2" changeset="150785018" timestamp="2024-05-02T09:44:37Z" user="BaboucheVerte" uid="6296343">
  <nd ref="6966299759"/>
  <nd ref="6966299760"/>
  <tag k="bridge" v="yes"/>
  <tag k="highway" v="path"/>
  <tag k="layer" v="1"/>
 </way>
 <way id="1237486882" visible="true" version="2" changeset="150785018" timestamp="2024-05-02T09:44:37Z" user="BaboucheVerte" uid="6296343">
  <nd ref="6966299754"/>
  <nd ref="6966299755"/>
  <nd ref="6966299756"/>
  <nd ref="6966299757"/>
  <nd ref="6966299758"/>
  <nd ref="6966299759"/>
  <tag k="highway" v="path"/>
 </way>
 <way id="1237486883" visible="true" version="2" changeset="150785018" timestamp="2024-05-02T09:44:37Z" user="BaboucheVerte" uid="6296343">
  <nd ref="11494082736"/>
  <nd ref="6966299754"/>
  <tag k="bridge" v="yes"/>
  <tag k="highway" v="path"/>
  <tag k="layer" v="1"/>
 </way>
 <way id="1237557286" visible="true" version="2" changeset="150785018" timestamp="2024-05-02T09:44:37Z" user="BaboucheVerte" uid="6296343">
  <nd ref="6966300334"/>
  <nd ref="6966300332"/>
  <tag k="bridge" v="yes"/>
  <tag k="highway" v="path"/>
  <tag k="layer" v="1"/>
 </way>
 <way id="1237557287" visible="true" version="2" changeset="150785018" timestamp="2024-05-02T09:44:37Z" user="BaboucheVerte" uid="6296343">
  <nd ref="1268576865"/>
  <nd ref="3565974524"/>
  <nd ref="3565974522"/>
  <nd ref="3565974521"/>
  <nd ref="3565974523"/>
  <nd ref="11494695744"/>
  <nd ref="3565974520"/>
  <nd ref="5858825652"/>
  <nd ref="1268576918"/>
  <nd ref="5858825651"/>
  <nd ref="11494695750"/>
  <nd ref="1718429660"/>
  <nd ref="5858825649"/>
  <nd ref="5858825648"/>
  <nd ref="1718429659"/>
  <nd ref="5858825647"/>
  <nd ref="5858825646"/>
  <nd ref="1268576835"/>
  <nd ref="5858825643"/>
  <nd ref="5858825645"/>
  <nd ref="5858825644"/>
  <nd ref="5858825642"/>
  <nd ref="5858825641"/>
  <nd ref="1268576906"/>
  <tag k="highway" v="path"/>
 </way>
 <way id="1237557288" visible="true" version="2" changeset="150785018" timestamp="2024-05-02T09:44:37Z" user="BaboucheVerte" uid="6296343">
  <nd ref="1268576906"/>
  <nd ref="5858825640"/>
  <nd ref="5858825639"/>
  <nd ref="5858825638"/>
  <nd ref="5858825637"/>
  <nd ref="5858825634"/>
  <nd ref="11494695760"/>
  <nd ref="11494695759"/>
  <nd ref="11494695758"/>
  <nd ref="5858825635"/>
  <nd ref="11494695751"/>
  <nd ref="11494695752"/>
  <nd ref="5858825636"/>
  <nd ref="11494695753"/>
  <nd ref="11494695754"/>
  <nd ref="11494695755"/>
  <nd ref="11494695756"/>
  <nd ref="11494695757"/>
  <nd ref="1268576959"/>
  <nd ref="5858825630"/>
  <tag k="highway" v="steps"/>
 </way>
 <way id="1279026609" visible="true" version="1" changeset="150785018" timestamp="2024-05-02T09:44:37Z" user="BaboucheVerte" uid="6296343">
  <nd ref="5858825355"/>
  <nd ref="5858825354"/>
  <nd ref="388572079"/>
  <nd ref="5858825353"/>
  <nd ref="388572081"/>
  <nd ref="388572082"/>
  <nd ref="2291206940"/>
  <nd ref="2291206939"/>
  <nd ref="388572084"/>
  <nd ref="388572085"/>
  <nd ref="5858825352"/>
  <nd ref="2291206935"/>
  <nd ref="388572087"/>
  <nd ref="6968249271"/>
  <nd ref="2291206931"/>
  <nd ref="388572088"/>
  <nd ref="6968249266"/>
  <nd ref="5858825351"/>
  <nd ref="2291206925"/>
  <nd ref="2291206917"/>
  <nd ref="2291206922"/>
  <nd ref="388572090"/>
  <nd ref="293722549"/>
  <tag k="highway" v="path"/>
  <tag k="sac_scale" v="alpine_hiking"/>
 </way>
 <way id="1279026610" visible="true" version="1" changeset="150785018" timestamp="2024-05-02T09:44:37Z" user="BaboucheVerte" uid="6296343">
  <nd ref="293722550"/>
  <nd ref="6045306725"/>
  <tag k="highway" v="path"/>
  <tag k="sac_scale" v="mountain_hiking"/>
  <tag k="trail_visibility" v="good"/>
 </way>
 <way id="1279026611" visible="true" version="1" changeset="150785018" timestamp="2024-05-02T09:44:37Z" user="BaboucheVerte" uid="6296343">
  <nd ref="293722549"/>
  <nd ref="2291206907"/>
  <nd ref="2291206898"/>
  <nd ref="388572092"/>
  <nd ref="2291206890"/>
  <nd ref="2291206881"/>
  <nd ref="2291206871"/>
  <nd ref="2291206868"/>
  <nd ref="293722550"/>
  <tag k="highway" v="path"/>
  <tag k="sac_scale" v="mountain_hiking"/>
  <tag k="trail_visibility" v="good"/>
 </way>
 <way id="1279026613" visible="true" version="1" changeset="150785018" timestamp="2024-05-02T09:44:37Z" user="BaboucheVerte" uid="6296343">
  <nd ref="5858783160"/>
  <nd ref="5858783159"/>
  <nd ref="5858783158"/>
  <nd ref="343734793"/>
  <nd ref="5858783157"/>
  <nd ref="6966299865"/>
  <nd ref="6966299866"/>
  <nd ref="6966299867"/>
  <nd ref="11494074851"/>
  <nd ref="5858783156"/>
  <nd ref="6966299868"/>
  <nd ref="5858783155"/>
  <nd ref="6966299869"/>
  <nd ref="5858783150"/>
  <nd ref="5858783151"/>
  <nd ref="5858783152"/>
  <tag k="highway" v="path"/>
 </way>
 <way id="1395882799" visible="true" version="1" changeset="167719681" timestamp="2025-06-17T03:49:49Z" user="BaboucheVerte" uid="6296343">
  <nd ref="6966252275"/>
  <nd ref="5858784105"/>
  <nd ref="1718429764"/>
  <nd ref="11494149633"/>
  <nd ref="6966252278"/>
  <nd ref="5858784104"/>
  <nd ref="1718429763"/>
  <nd ref="12284600901"/>
  <nd ref="12284570700"/>
  <nd ref="1718429762"/>
  <nd ref="12284570699"/>
  <nd ref="12284570698"/>
  <nd ref="1718429761"/>
  <nd ref="293725507"/>
  <nd ref="12284570697"/>
  <tag k="highway" v="path"/>
 </way>
 <way id="1395882808" visible="true" version="1" changeset="167719681" timestamp="2025-06-17T03:49:49Z" user="BaboucheVerte" uid="6296343">
  <nd ref="12920552354"/>
  <nd ref="5858783829"/>
  <nd ref="5858783828"/>
  <nd ref="5858783827"/>
  <nd ref="12284570655"/>
  <nd ref="5858783826"/>
  <nd ref="12284570654"/>
  <nd ref="5858783825"/>
  <nd ref="343735152"/>
  <nd ref="5858783824"/>
  <nd ref="5858783823"/>
  <nd ref="5858783822"/>
  <nd ref="1718429710"/>
  <nd ref="5858783821"/>
  <nd ref="5858783820"/>
  <nd ref="1718429709"/>
  <nd ref="5858783819"/>
  <nd ref="5858783818"/>
  <nd ref="1718429708"/>
  <nd ref="5858783817"/>
  <nd ref="343735153"/>
  <nd ref="5858783816"/>
  <nd ref="5858783815"/>
  <nd ref="1718429707"/>
  <nd ref="5858783814"/>
  <nd ref="5858783813"/>
  <nd ref="5858783812"/>
  <nd ref="5858783811"/>
  <nd ref="1718429699"/>
  <nd ref="5858783810"/>
  <nd ref="5858783809"/>
  <nd ref="5858783808"/>
  <nd ref="5858783807"/>
  <nd ref="1718429697"/>
  <nd ref="5858783806"/>
  <nd ref="5858783805"/>
  <nd ref="5858783804"/>
  <nd ref="5858783803"/>
  <nd ref="4513049312"/>
  <nd ref="4513049317"/>
  <nd ref="293725515"/>
  <nd ref="4513049314"/>
  <nd ref="6966300049"/>
  <tag k="highway" v="path"/>
 </way>
 <way id="1395882809" visible="true" version="1" changeset="167719681" timestamp="2025-06-17T03:49:49Z" user="BaboucheVerte" uid="6296343">
  <nd ref="12920552354"/>
  <nd ref="12920552353"/>
  <nd ref="12920552352"/>
  <nd ref="12920552351"/>
  <nd ref="12920552350"/>
  <nd ref="12920552349"/>
  <tag k="highway" v="path"/>
 </way>
 <way id="1395882810" visible="true" version="1" changeset="167719681" timestamp="2025-06-17T03:49:49Z" user="BaboucheVerte" uid="6296343">
  <nd ref="6966300049"/>
  <nd ref="1718429696"/>
  <tag k="bridge" v="yes"/>
  <tag k="highway" v="path"/>
  <tag k="layer" v="1"/>
 </way>
 <way id="1395882811" visible="true" version="1" changeset="167719681" timestamp="2025-06-17T03:49:49Z" user="BaboucheVerte" uid="6296343">
  <nd ref="1718429696"/>
  <nd ref="5858783793"/>
  <nd ref="5858783792"/>
  <nd ref="5858783791"/>
  <nd ref="1945778690"/>
  <nd ref="5858783790"/>
  <nd ref="5858783789"/>
  <nd ref="343734788"/>
  <nd ref="5858783788"/>
  <nd ref="5858783787"/>
  <nd ref="5858783786"/>
  <nd ref="5858783785"/>
  <nd ref="5858783184"/>
  <nd ref="5858783183"/>
  <nd ref="343734789"/>
  <nd ref="5858783182"/>
  <nd ref="5858783181"/>
  <nd ref="5858783180"/>
  <nd ref="5858783179"/>
  <nd ref="5858783178"/>
  <nd ref="5858783177"/>
  <nd ref="5858783176"/>
  <nd ref="5858783175"/>
  <nd ref="343734791"/>
  <nd ref="6966299857"/>
  <nd ref="6966299858"/>
  <nd ref="5858783174"/>
  <nd ref="6966299859"/>
  <nd ref="6966299860"/>
  <nd ref="5858783173"/>
  <nd ref="6105696829"/>
  <nd ref="5858783172"/>
  <nd ref="5858783171"/>
  <nd ref="5858783170"/>
  <nd ref="5858783169"/>
  <nd ref="5858783168"/>
  <nd ref="11494074853"/>
  <nd ref="5858783167"/>
  <nd ref="5858783166"/>
  <tag k="highway" v="path"/>
 </way>
 <way id="1395882812" visible="true" version="1" changeset="167719681" timestamp="2025-06-17T03:49:49Z" user="BaboucheVerte" uid="6296343">
  <nd ref="5858825777"/>
  <nd ref="7981256052"/>
  <tag k="bridge" v="yes"/>
  <tag k="highway" v="path"/>
  <tag k="layer" v="1"/>
 </way>
 <way id="1395882813" visible="true" version="1" changeset="167719681" timestamp="2025-06-17T03:49:49Z" user="BaboucheVerte" uid="6296343">
  <nd ref="5858825773"/>
  <nd ref="5858825774"/>
  <nd ref="5858825775"/>
  <nd ref="5858825776"/>
  <nd ref="5858825777"/>
  <tag k="highway" v="path"/>
 </way>
 <way id="1395882817" visible="true" version="1" changeset="167719681" timestamp="2025-06-17T03:49:49Z" user="BaboucheVerte" uid="6296343">
  <nd ref="11494695734"/>
  <nd ref="11494695733"/>
  <tag k="bridge" v="yes"/>
  <tag k="highway" v="path"/>
  <tag k="layer" v="1"/>
 </way>
 <way id="1395882818" visible="true" version="1" changeset="167719681" timestamp="2025-06-17T03:49:49Z" user="BaboucheVerte" uid="6296343">
  <nd ref="7981256052"/>
  <nd ref="343734413"/>
  <nd ref="5858825778"/>
  <nd ref="5858825779"/>
  <nd ref="343734415"/>
  <nd ref="5858825781"/>
  <nd ref="5858825780"/>
  <nd ref="1718429688"/>
  <nd ref="1718429687"/>
  <nd ref="1718429686"/>
  <nd ref="3565974554"/>
  <nd ref="3565974555"/>
  <nd ref="293725518"/>
  <nd ref="11494154802"/>
  <nd ref="3565974556"/>
  <nd ref="3565974557"/>
  <nd ref="5858825748"/>
  <nd ref="343734417"/>
  <nd ref="11494695735"/>
  <nd ref="11494695740"/>
  <nd ref="5858825747"/>
  <nd ref="11494695734"/>
  <tag k="highway" v="path"/>
 </way>
 <way id="1395882820" visible="true" version="1" changeset="167719681" timestamp="2025-06-17T03:49:49Z" user="BaboucheVerte" uid="6296343">
  <nd ref="5858825672"/>
  <nd ref="1718429664"/>
  <tag k="bridge" v="yes"/>
  <tag k="highway" v="path"/>
  <tag k="layer" v="1"/>
 </way>
 <way id="1395882821" visible="true" version="1" changeset="167719681" timestamp="2025-06-17T03:49:49Z" user="BaboucheVerte" uid="6296343">
  <nd ref="1718429664"/>
  <nd ref="5858825671"/>
  <nd ref="5858825670"/>
  <nd ref="1718429663"/>
  <nd ref="5858825669"/>
  <nd ref="5858825668"/>
  <nd ref="5858825667"/>
  <nd ref="343733824"/>
  <nd ref="3565974531"/>
  <nd ref="3565961585"/>
  <nd ref="1718429662"/>
  <nd ref="3565974528"/>
  <nd ref="3565974529"/>
  <tag k="highway" v="path"/>
 </way>
 <way id="1395882823" visible="true" version="1" changeset="167719681" timestamp="2025-06-17T03:49:49Z" user="BaboucheVerte" uid="6296343">
  <nd ref="3565974529"/>
  <nd ref="12920552384"/>
  <tag k="bridge" v="yes"/>
  <tag k="highway" v="path"/>
  <tag k="layer" v="1"/>
 </way>
 <way id="1395882824" visible="true" version="1" changeset="167719681" timestamp="2025-06-17T03:49:49Z" user="BaboucheVerte" uid="6296343">
  <nd ref="12920552384"/>
  <nd ref="1718429661"/>
  <nd ref="3565974526"/>
  <nd ref="3565974525"/>
  <nd ref="1268576865"/>
  <tag k="highway" v="path"/>
 </way>
 <way id="1395882826" visible="true" version="1" changeset="167719681" timestamp="2025-06-17T03:49:49Z" user="BaboucheVerte" uid="6296343">
  <nd ref="5858825610"/>
  <nd ref="12920552393"/>
  <tag k="bridge" v="yes"/>
  <tag k="highway" v="path"/>
  <tag k="layer" v="1"/>
 </way>
 <way id="1395882827" visible="true" version="1" changeset="167719681" timestamp="2025-06-17T03:49:49Z" user="BaboucheVerte" uid="6296343">
  <nd ref="12920552393"/>
  <nd ref="5858825609"/>
  <nd ref="1718429656"/>
  <nd ref="5858825608"/>
  <nd ref="5858825607"/>
  <nd ref="1268576946"/>
  <nd ref="5858825606"/>
  <nd ref="5858825605"/>
  <nd ref="5858825604"/>
  <nd ref="5858825603"/>
  <nd ref="5858825602"/>
  <nd ref="1268576870"/>
  <nd ref="5858825601"/>
  <nd ref="5858825600"/>
  <nd ref="1718429655"/>
  <nd ref="5858825599"/>
  <nd ref="5858825598"/>
  <nd ref="5858825597"/>
  <tag k="highway" v="path"/>
 </way>
 <relation id="17548991" visible="true" version="3" changeset="174820109" timestamp="2025-11-18T15:04:43Z" user="rheins" uid="2996489">
  <member type="way" ref="651003807" role=""/>
  <member type="way" ref="642041264" role=""/>
  <member type="way" ref="1279026610" role=""/>
  <member type="way" ref="1279026611" role=""/>
  <member type="way" ref="1279026609" role=""/>
  <member type="way" ref="744538854" role=""/>
  <member type="way" ref="219995392" role=""/>
  <member type="way" ref="744254813" role=""/>
  <member type="way" ref="219995379" role=""/>
  <member type="way" ref="219995386" role=""/>
  <member type="way" ref="219995348" role=""/>
  <member type="way" ref="219995344" role=""/>
  <member type="way" ref="74659222" role=""/>
  <member type="way" ref="26787334" role=""/>
  <member type="way" ref="618573395" role=""/>
  <member type="way" ref="26787333" role=""/>
  <member type="way" ref="744251848" role=""/>
  <member type="way" ref="1395882827" role=""/>
  <member type="way" ref="1395882826" role=""/>
  <member type="way" ref="791602655" role=""/>
  <member type="way" ref="1237557288" role=""/>
  <member type="way" ref="1237557287" role=""/>
  <member type="way" ref="1395882824" role=""/>
  <member type="way" ref="1395882823" role=""/>
  <member type="way" ref="1395882821" role=""/>
  <member type="way" ref="1395882820" role=""/>
  <member type="way" ref="350865278" role=""/>
  <member type="way" ref="1237557286" role=""/>
  <member type="way" ref="651013441" role=""/>
  <member type="way" ref="1395882817" role=""/>
  <member type="way" ref="1395882818" role=""/>
  <member type="way" ref="1395882812" role=""/>
  <member type="way" ref="1395882813" role=""/>
  <member type="way" ref="744316166" role=""/>
  <member type="way" ref="744316167" role=""/>
  <member type="way" ref="744316148" role=""/>
  <member type="way" ref="1279026613" role=""/>
  <member type="way" ref="651013439" role=""/>
  <member type="way" ref="1395882811" role=""/>
  <member type="way" ref="1395882810" role=""/>
  <member type="way" ref="1395882808" role=""/>
  <member type="way" ref="1395882809" role=""/>
  <member type="way" ref="1237486872" role=""/>
  <member type="way" ref="1237486873" role=""/>
  <member type="way" ref="1237486874" role=""/>
  <member type="way" ref="1237486875" role=""/>
  <member type="way" ref="1237486876" role=""/>
  <member type="way" ref="1237486877" role=""/>
  <member type="way" ref="744316140" role=""/>
  <member type="way" ref="1237486881" role=""/>
  <member type="way" ref="1237486882" role=""/>
  <member type="way" ref="1237486883" role=""/>
  <member type="way" ref="744316124" role=""/>
  <member type="way" ref="1395882799" role=""/>
  <member type="way" ref="744316123" role=""/>
  <member type="way" ref="26778427" role=""/>
  <tag k="name" v="Annapurna Base Camp Trek"/>
  <tag k="network" v="nwn"/>
  <tag k="ref" v="ABC"/>
  <tag k="route" v="hiking"/>
  <tag k="short_name" v="ABC Trek"/>
  <tag k="type" v="route"/>
  <tag k="wikidata" v="Q96180725"/>
 </relation>
</osm>
